pep_id,Author,BDFL-Delegate,Created,Created_dt,Discussions-To,Last-Modified,PEP,Post-History,Python-Version,Replaces,Requires,Resolution,Sponsor,Status,Superseded-By,Title,Type,Version
0515,"Georg Brandl, Serhiy Storchaka",,10-Feb-2016,2016-02-10 00:00:00,,,515,"10-Feb-2016, 11-Feb-2016",3.6,,,,,Final,,Underscores in Numeric Literals,Standards Track,
0483,"Guido van Rossum <guido at python.org>, Ivan Levkivskyi <levkivskyi at gmail.com>",,19-Dec-2014,2014-12-19 00:00:00,Python-Ideas <python-ideas at python.org>,,483,,,,,,,Final,,The Theory of Type Hints,Informational,
0403,Nick Coghlan <ncoghlan at gmail.com>,,2011-10-13,2011-10-13 00:00:00,,,403,2011-10-13,3.4,,,TBD,,Deferred,,"General purpose decorator clause (aka ""@in"" clause)",Standards Track,
0268,gstein at lyra.org (Greg Stein),,20-Aug-2001,2001-08-20 00:00:00,,,268,21-Aug-2001,2.x,,,,,Rejected,,Extended HTTP functionality and WebDAV,Standards Track,
0244,martin at v.loewis.de (Martin von Löwis),,20-Mar-2001,2001-03-20 00:00:00,,,244,,2.1,,,,,Rejected,,The directive statement,Standards Track,
0511,Victor Stinner <vstinner at redhat.com>,,4-January-2016,2016-01-04 00:00:00,,,511,,3.6,,,,,Rejected,,API for code transformers,Standards Track,
0578,Steve Dower <steve.dower at python.org>,,16-Jun-2018,2018-06-16 00:00:00,,,578,,3.8,,,,,Draft,,Python Runtime Audit Hooks,Standards Track,
3001,Georg Brandl <georg at python.org>,,05-Apr-2006,2006-04-05 00:00:00,,,3001,,,,,,,Withdrawn,,Procedure for reviewing and improving standard library modules,Process,
0297,mal at lemburg.com (Marc-André Lemburg),,19-Jul-2001,2001-07-19 00:00:00,,,297,,2.6,,,,,Rejected,,Support for System Upgrades,Standards Track,
0453,"Donald Stufft <donald at stufft.io>,
Nick Coghlan <ncoghlan at gmail.com>",Martin von Löwis,10-Aug-2013,2013-08-10 00:00:00,,,453,"30-Aug-2013, 15-Sep-2013, 18-Sep-2013, 19-Sep-2013,
23-Sep-2013, 29-Sep-2013, 13-Oct-2013, 20-Oct-2013",,,,https//mail.python.org/pipermail/python-dev/2013-October/129810.html,,Final,,Explicit bootstrapping of pip in Python installations,Standards Track,
0341,Georg Brandl <georg at python.org>,,04-May-2005,2005-05-04 00:00:00,,,341,,,,,,,Final,,Unifying try-except and try-finally,Standards Track,
3103,guido at python.org (Guido van Rossum),,25-Jun-2006,2006-06-25 00:00:00,,,3103,26-Jun-2006,3.0,,,,,Rejected,,A Switch/Case Statement,Standards Track,
0401,"Barry Warsaw, Brett Cannon",,01-Apr-2009,2009-04-01 00:00:00,,"$Date 2009-04-01 000000 -0400 (Wed, 1 Apr 2009)$",401,01-Apr-2009,,,,,,April Fool!,,BDFL Retirement,Process,
0482,Łukasz Langa <lukasz at python.org>,,08-Jan-2015,2015-01-08 00:00:00,Python-Ideas <python-ideas at python.org>,,482,,,,,,,Draft,,Literature Overview for Type Hints,Informational,
0397,"Mark Hammond <mhammond at skippinet.com.au>,
Martin v. Löwis <martin at v.loewis.de>",,15-Mar-2011,2011-03-15 00:00:00,,2012/06/19 151349,397,"21-July-2011, 17-May-2011, 15-Mar-2011",,,,https//mail.python.org/pipermail/python-dev/2012-June/120505.html,,Final,,Python launcher for Windows,Standards Track,a57419aee37d
0303,Thomas Bellman <bellman+pep-divmod at lysator.liu.se>,,31-Dec-2002,2002-12-31 00:00:00,,,303,,2.3,,,,,Rejected,,Extend divmod() for Multiple Divisors,Standards Track,
3106,Guido van Rossum,,19-Dec-2006,2006-12-19 00:00:00,,,3106,,,,,,,Final,,"Revamping dict.keys(), .values() and .items()",Standards Track,
0256,David Goodger <goodger at python.org>,,01-Jun-2001,2001-06-01 00:00:00,<doc-sig at python.org>,,256,13-Jun-2001,,,,,,Rejected,,Docstring Processing System Framework,Standards Track,
0543,"Cory Benfield <cory at lukasa.co.uk>,
Christian Heimes <christian at python.org>",,17-Oct-2016,2016-10-17 00:00:00,,,543,"11-Jan-2017, 19-Jan-2017, 02-Feb-2017, 09-Feb-2017",3.7,,,,,Draft,,A Unified TLS API for Python,Standards Track,
3099,Georg Brandl <georg at python.org>,,04-Apr-2006,2006-04-04 00:00:00,,,3099,,,,,,,Final,,Things that will Not Change in Python 3000,Process,
0205,"Fred L. Drake, Jr. <fred at fdrake.net>",,,,,,205,11-Jan-2001,2.1,,,,,Final,,Weak References,Standards Track,
0204,thomas at python.org (Thomas Wouters),,14-Jul-2000,2000-07-14 00:00:00,,,204,,2.0,,,,,Rejected,,Range Literals,Standards Track,
0287,David Goodger <goodger at python.org>,,25-Mar-2002,2002-03-25 00:00:00,<doc-sig at python.org>,,287,02-Apr-2002,,216,,,,Active,,reStructuredText Docstring Format,Informational,
0485,Christopher Barker <Chris.Barker at noaa.gov>,,20-Jan-2015,2015-01-20 00:00:00,,,485,,3.5,,,https//mail.python.org/pipermail/python-dev/2015-February/138598.html,,Final,,A Function for testing approximate equality,Standards Track,
0263,"mal at lemburg.com (Marc-André Lemburg),
martin at v.loewis.de (Martin von Löwis)",,06-Jun-2001,2001-06-06 00:00:00,,,263,,2.3,,,,,Final,,Defining Python Source Code Encodings,Standards Track,
0471,Ben Hoyt <benhoyt at gmail.com>,Victor Stinner <vstinner at redhat.com>,30-May-2014,2014-05-30 00:00:00,,,471,"27-Jun-2014, 8-Jul-2014, 14-Jul-2014",3.5,,,,,Final,,os.scandir() function -- a better and faster directory iterator,Standards Track,
0202,barry at python.org (Barry Warsaw),,13-Jul-2000,2000-07-13 00:00:00,,,202,,2.0,,,,,Final,,List Comprehensions,Standards Track,
0529,Steve Dower <steve.dower at python.org>,,27-Aug-2016,2016-08-27 00:00:00,,,529,"01-Sep-2016, 04-Sep-2016",3.6,,,https//mail.python.org/pipermail/python-dev/2016-September/146277.html,,Final,,Change Windows filesystem encoding to UTF-8,Standards Track,
0331,Christian R. Reis <kiko at async.com.br>,,19-Jul-2003,2003-07-19 00:00:00,,,331,"21-Jul-2003, 13-Aug-2003, 18-Jun-2004",2.4,,,,,Final,,Locale-Independent Float/String Conversions,Standards Track,
0280,guido at python.org (Guido van Rossum),,10-Feb-2002,2002-02-10 00:00:00,,,280,,2.3,,,,,Deferred,,Optimizing access to globals,Standards Track,
0628,Nick Coghlan <ncoghlan at gmail.com>,,2011-06-28,2011-06-28 00:00:00,,,628,2011-06-28,3.6,,,http//bugs.python.org/issue12345,,Final,,Add math.tau,Standards Track,
0217,moshez at zadka.site.co.il (Moshe Zadka),,31-Jul-2000,2000-07-31 00:00:00,,,217,,2.1,,,,,Final,,Display Hook for Interactive Use,Standards Track,
0509,Victor Stinner <vstinner at redhat.com>,,4-January-2016,2016-01-04 00:00:00,,,509,,3.6,,,,,Final,,Add a private version to dict,Standards Track,
0259,guido at python.org (Guido van Rossum),,11-Jun-2001,2001-06-11 00:00:00,,,259,11-Jun-2001,2.2,,,,,Rejected,,Omit printing newline after newline,Standards Track,
0421,Eric Snow <ericsnowcurrently at gmail.com>,Barry Warsaw,26-April-2012,2012-04-26 00:00:00,,,421,26-April-2012,,,,https//mail.python.org/pipermail/python-dev/2012-May/119683.html,,Final,,Adding sys.implementation,Standards Track,
0526,"Ryan Gonzalez <rymg19 at gmail.com>, Philip House <phouse512 at gmail.com>, Ivan Levkivskyi <levkivskyi at gmail.com>, Lisa Roach <lisaroach14 at gmail.com>, Guido van Rossum <guido at python.org>",,09-Aug-2016,2016-08-09 00:00:00,,,526,"30-Aug-2016, 02-Sep-2016",3.6,,,https//mail.python.org/pipermail/python-dev/2016-September/146282.html,,Final,,Syntax for Variable Annotations,Standards Track,
0206,A.M. Kuchling <amk at amk.ca>,,,,,,206,,,,,,,Withdrawn,,Python Advanced Library,Informational,
0426,"Nick Coghlan <ncoghlan at gmail.com>,
Daniel Holth <dholth at gmail.com>,
Donald Stufft <donald at stufft.io>",Donald Stufft <donald at stufft.io>,30 Aug 2012,2012-08-30 00:00:00,Distutils SIG <distutils-sig at python.org>,,426,"14 Nov 2012, 5 Feb 2013, 7 Feb 2013, 9 Feb 2013,
27 May 2013, 20 Jun 2013, 23 Jun 2013, 14 Jul 2013,
21 Dec 2013",,345,440 508 518,,,Withdrawn,,Metadata for Python Software Packages 2.0,Informational,
0288,python at rcn.com (Raymond Hettinger),,21-Mar-2002,2002-03-21 00:00:00,,,288,,2.5,,,,,Withdrawn,,Generators Attributes and Exceptions,Standards Track,
0305,"Kevin Altis <altis at semi-retired.com>,
Dave Cole <djc at object-craft.com.au>,
Andrew McNamara <andrewm at object-craft.com.au>,
Skip Montanaro <skip at pobox.com>,
Cliff Wells <LogiplexSoftware at earthlink.net>",,26-Jan-2003,2003-01-26 00:00:00,<csv at python.org>,,305,"31-Jan-2003, 13-Feb-2003",,,,,,Final,,CSV File API,Standards Track,
0588,"Barry Warsaw <barry at python.org>, Mariatta <mariatta at python.org>",,27-Mar-2019,2019-03-27 00:00:00,,,588,,,,,,,Draft,,Reserved,Informational,
3115,Talin <viridia at gmail.com>,,07-Mar-2007,2007-03-07 00:00:00,,,3115,"11-March-2007, 14-March-2007",3.0,,,,,Final,,Metaclasses in Python 3000,Standards Track,
0537,Ned Deily <nad at python.org>,,23-Dec-2016,2016-12-23 00:00:00,,,537,,3.7,,,,,Active,,Python 3.7 Release Schedule,Informational,
0160,"Fred L. Drake, Jr. <fred at fdrake.net>",,25-Jul-2000,2000-07-25 00:00:00,,,160,,1.6,,,,,Final,,Python 1.6 Release Schedule,Informational,
0517,"Nathaniel J. Smith <njs at pobox.com>,
Thomas Kluyver <thomas at kluyver.me.uk>",Nick Coghlan <ncoghlan at gmail.com>,30-Sep-2015,2015-09-30 00:00:00,<distutils-sig at python.org>,,517,"1 Oct 2015, 25 Oct 2015, 19 May 2017, 11 Sep 2017",,,,https//mail.python.org/pipermail/distutils-sig/2017-September/031548.html,,Provisional,,A build-system independent format for source trees,Standards Track,
0486,Paul Moore <p.f.moore at gmail.com>,,12-Feb-2015,2015-02-12 00:00:00,,,486,12-Feb-2015,3.5,,,https//mail.python.org/pipermail/python-dev/2015-February/138579.html,,Final,,Make the Python Launcher aware of virtual environments,Standards Track,
0547,"Marcel Plch <gmarcel.plch at gmail.com>,
Petr Viktorin <encukou at gmail.com>",,25-May-2017,2017-05-25 00:00:00,,,547,,3.7,,,,,Deferred,,Running extension modules using the -m option,Standards Track,
0251,"barry at python.org (Barry Warsaw), guido at python.org (Guido van Rossum)",,17-Apr-2001,2001-04-17 00:00:00,,,251,14-Aug-2001,2.2,,,,,Final,,Python 2.2 Release Schedule,Informational,
0304,Skip Montanaro,,22-Jan-2003,2003-01-22 00:00:00,,,304,"27-Jan-2003, 31-Jan-2003, 17-Jun-2005",,,,,,Withdrawn,,Controlling Generation of Bytecode Files,Standards Track,
3155,Antoine Pitrou <solipsis at pitrou.net>,,2011-10-29,2011-10-29 00:00:00,,,3155,,3.3,,,https//mail.python.org/pipermail/python-dev/2011-November/114545.html,,Final,,Qualified name for classes and functions,Standards Track,
0214,barry at python.org (Barry Warsaw),,24-Jul-2000,2000-07-24 00:00:00,,,214,16-Aug-2000,2.0,,,,,Final,,Extended Print Statement,Standards Track,
0424,Alex Gaynor <alex.gaynor at gmail.com>,,14-July-2012,2012-07-14 00:00:00,,,424,https//mail.python.org/pipermail/python-dev/2012-July/120920.html,3.4,,,,,Final,,A method for exposing a length hint,Standards Track,
0540,Victor Stinner <vstinner at redhat.com>,INADA Naoki,5-January-2016,2016-01-05 00:00:00,,,540,,3.7,,,https//mail.python.org/pipermail/python-dev/2017-December/151173.html,,Final,,Add a new UTF-8 Mode,Standards Track,
0361,"Neal Norwitz, Barry Warsaw",,29-June-2006,2006-06-29 00:00:00,,,361,17-Mar-2008,2.6 and 3.0,,,,,Final,,Python 2.6 and 3.0 Release Schedule,Informational,
0254,guido at python.org (Guido van Rossum),,18-June-2001,2001-06-18 00:00:00,,,254,,2.2,,,,,Rejected,,Making Classes Look More Like Types,Standards Track,
0380,Gregory Ewing <greg.ewing at canterbury.ac.nz>,,13-Feb-2009,2009-02-13 00:00:00,,,380,,3.3,,,https//mail.python.org/pipermail/python-dev/2011-June/112010.html,,Final,,Syntax for Delegating to a Subgenerator,Standards Track,
0262,A.M. Kuchling <amk at amk.ca>,,08-Jul-2001,2001-07-08 00:00:00,,,262,27-Mar-2002,,,,,,Deferred,,A Database of Installed Python Packages,Standards Track,
0278,jack at cwi.nl (Jack Jansen),,14-Jan-2002,2002-01-14 00:00:00,,,278,,2.3,,,,,Final,,Universal Newline Support,Standards Track,
0410,Victor Stinner <vstinner at redhat.com>,,01-February-2012,2012-02-01 00:00:00,,,410,,3.3,,,https//mail.python.org/pipermail/python-dev/2012-February/116837.html,,Rejected,,Use decimal.Decimal type for timestamps,Standards Track,
0576,Mark Shannon <mark at hotpy.org>,Petr Viktorin,10-May-2018,2018-05-10 00:00:00,,,576,"17-May-2018
23-June-2018
08-July-2018
29-Mar-1028",3.8,,,,,Withdrawn,,Rationalize Built-in function classes,Standards Track,
0255,"nas at arctrix.com (Neil Schemenauer),
tim.peters at gmail.com (Tim Peters),
magnus at hetland.org (Magnus Lie Hetland)",,18-May-2001,2001-05-18 00:00:00,python-iterators at lists.sourceforge.net,,255,"14-Jun-2001, 23-Jun-2001",2.2,,234,,,Final,,Simple Generators,Standards Track,
0247,A.M. Kuchling <amk at amk.ca>,,23-Mar-2001,2001-03-23 00:00:00,,,247,20-Sep-2001,,,,,,Final,,API for Cryptographic Hash Functions,Informational,
0294,oren at hishome.net (Oren Tirosh),,19-Jun-2002,2002-06-19 00:00:00,,,294,,2.5,,,,,Rejected,,Type Names in the types Module,Standards Track,
0222,A.M. Kuchling <amk at amk.ca>,,18-Aug-2000,2000-08-18 00:00:00,,,222,22-Dec-2000,2.1,,,,,Deferred,,Web Library Enhancements,Standards Track,
0666,lac at strakt.com (Laura Creighton),,3-Dec-2001,2001-12-03 00:00:00,,,666,5-Dec-2001,2.2,,,,,Rejected,,Reject Foolish Indentation,Standards Track,
3110,Collin Winter <collinwinter at google.com>,,16-Jan-2006,2006-01-16 00:00:00,,,3110,,3.0,,,,,Final,,Catching Exceptions in Python 3000,Standards Track,
0455,Antoine Pitrou <solipsis at pitrou.net>,Raymond Hettinger,13-Sep-2013,2013-09-13 00:00:00,,,455,,3.5,,,,,Rejected,,Adding a key-transforming dictionary to collections,Standards Track,
0347,Martin von Löwis <martin at v.loewis.de>,,14-Jul-2004,2004-07-14 00:00:00,<python-dev at python.org>,,347,14-Jul-2004,,,,,,Final,,Migrating the Python CVS to Subversion,Process,
3140,"Oleg Broytman <phd at phdru.name>,
Jim J. Jewett <jimjjewett at gmail.com>",,27-May-2008,2008-05-27 00:00:00,python-3000 at python.org,,3140,28-May-2008,,,,,,Rejected,,"str(container) should call str(item), not repr(item)",Standards Track,
0443,Łukasz Langa <lukasz at python.org>,,22-May-2013,2013-05-22 00:00:00,Python-Dev <python-dev at python.org>,,443,"22-May-2013, 25-May-2013, 31-May-2013",,245 246 3124,,,,Final,,Single-dispatch generic functions,Standards Track,
3142,Gerald Britton <gerald.britton at gmail.com>,,12-Jan-2009,2009-01-12 00:00:00,,,3142,,3.0,,,https//mail.python.org/pipermail/python-dev/2013-May/126136.html,,Rejected,,"Add a ""while"" clause to generator expressions",Standards Track,
0419,Paul Colomiets <paul at colomiets.name>,,06-Apr-2012,2012-04-06 00:00:00,,,419,,3.3,,,,,Deferred,,Protecting cleanup statements from interruptions,Standards Track,
3127,Patrick Maupin <pmaupin at gmail.com>,,14-Mar-2007,2007-03-14 00:00:00,Python-3000 at python.org,,3127,18-Mar-2007,3.0,,,,,Final,,Integer Literal Support and Syntax,Standards Track,
0541,Łukasz Langa <lukasz at python.org>,Mark Mangoba <mmangoba at python.org>,12-January-2017,2017-01-12 00:00:00,distutils-sig <distutils-sig at python.org>,,541,,,,,https//mail.python.org/pipermail/distutils-sig/2018-March/032089.html,,Final,,Package Index Name Retention,Process,
0362,"Brett Cannon <brett at python.org>, Jiwon Seo <seojiwon at gmail.com>,
Yury Selivanov <yury at magic.io>, Larry Hastings <larry at hastings.org>",,21-Aug-2006,2006-08-21 00:00:00,,,362,04-Jun-2012,3.3,,,https//mail.python.org/pipermail/python-dev/2012-June/120682.html,,Final,,Function Signature Object,Standards Track,
3104,Ka-Ping Yee <ping at zesty.ca>,,12-Oct-2006,2006-10-12 00:00:00,,,3104,,3.0,,,,,Final,,Access to Names in Outer Scopes,Standards Track,
0551,Steve Dower <steve.dower at python.org>,,23-Aug-2017,2017-08-23 00:00:00,,,551,"24-Aug-2017 (security-sig), 28-Aug-2017 (python-dev)",3.7,,,,,Draft,,Security transparency in the Python runtime,Informational,
0386,Tarek Ziadé <tarek at ziade.org>,,4-June-2009,2009-06-04 00:00:00,,,386,,,,,,,Superseded,440,Changing the version comparison module in Distutils,Standards Track,
3143,Ben Finney <ben+python at benfinney.id.au>,,2009-01-26,2009-01-26 00:00:00,,,3143,,3.x,,,,,Deferred,,Standard daemon process library,Standards Track,
0265,g2 at iowegian.com (Grant Griffin),,8-Aug-2001,2001-08-08 00:00:00,,,265,,2.2,,,,,Rejected,,Sorting Dictionaries by Value,Standards Track,
0252,guido at python.org (Guido van Rossum),,19-Apr-2001,2001-04-19 00:00:00,,,252,,2.2,,,,,Final,,Making Types Look More Like Classes,Standards Track,
0488,Brett Cannon <brett at python.org>,,20-Feb-2015,2015-02-20 00:00:00,,,488,"2015-03-06
2015-03-13
2015-03-20",3.5,,,,,Final,,Elimination of PYO files,Standards Track,
0555,Koos Zevenhoven,,06-Sep-2017,2017-09-06 00:00:00,,,555,06-Sep-2017,3.7,,,,,Withdrawn,,Context-local variables (contextvars),Standards Track,
0234,"ping at zesty.ca (Ka-Ping Yee), guido at python.org (Guido van Rossum)",,30-Jan-2001,2001-01-30 00:00:00,,,234,30-Apr-2001,2.1,,,,,Final,,Iterators,Standards Track,
0289,python at rcn.com (Raymond Hettinger),,30-Jan-2002,2002-01-30 00:00:00,,,289,22-Oct-2003,2.4,,,,,Final,,Generator Expressions,Standards Track,
0395,Nick Coghlan <ncoghlan at gmail.com>,,4-Mar-2011,2011-03-04 00:00:00,,,395,"5-Mar-2011, 19-Nov-2011",3.4,,,,,Withdrawn,,Qualified Names for Modules,Standards Track,
0468,Eric Snow <ericsnowcurrently at gmail.com>,,5-Apr-2014,2014-04-05 00:00:00,python-ideas at python.org,,468,"5-Apr-2014,8-Sep-2016",3.6,,,https//mail.python.org/pipermail/python-dev/2016-September/146329.html,,Final,,Preserving the order of **kwargs in a function.,Standards Track,
3151,Antoine Pitrou <solipsis at pitrou.net>,Barry Warsaw,2010-07-21,2010-07-21 00:00:00,,,3151,,3.3,,,https//mail.python.org/pipermail/python-dev/2011-October/114033.html,,Final,,Reworking the OS and IO exception hierarchy,Standards Track,
0405,Carl Meyer <carl at oddbird.net>,Nick Coghlan,13-Jun-2011,2011-06-13 00:00:00,,,405,"24-Oct-2011, 28-Oct-2011, 06-Mar-2012, 24-May-2012",3.3,,,https//mail.python.org/pipermail/python-dev/2012-May/119668.html,,Final,,Python Virtual Environments,Standards Track,
0270,jp at demonseed.net (Jason Petrone),,21-Aug-2001,2001-08-21 00:00:00,,,270,,2.2,,,,,Rejected,,uniq method for list objects,Standards Track,
0518,"Brett Cannon <brett at python.org>,
Nathaniel Smith <njs at pobox.com>,
Donald Stufft <donald at stufft.io>",Nick Coghlan,10-May-2016,2016-05-10 00:00:00,distutils-sig <distutils-sig at python.org>,,518,"10-May-2016,
11-May-2016,
13-May-2016",,,,https//mail.python.org/pipermail/distutils-sig/2016-May/028969.html,,Provisional,,Specifying Minimum Build System Requirements for Python Projects,Standards Track,
0570,"Larry Hastings <larry at hastings.org>,
Pablo Galindo <pablogsal at gmail.com>,
Mario Corchero <mariocj89 at gmail.com>",Guido van Rossum <guido at python.org>,20-Jan-2018,2018-01-20 00:00:00,https//discuss.python.org/t/pep-570-python-positional-only-parameters/1078,,570,,,,,,,Draft,,Python Positional-Only Parameters,Standards Track,
0308,"Guido van Rossum, Raymond Hettinger",,7-Feb-2003,2003-02-07 00:00:00,,,308,"7-Feb-2003, 11-Feb-2003",,,,,,Final,,Conditional Expressions,Standards Track,
3107,"Collin Winter <collinwinter at google.com>,
Tony Lownds <tony at lownds.com>",,2-Dec-2006,2006-12-02 00:00:00,,,3107,,3.0,,,,,Final,,Function Annotations,Standards Track,
0218,"gvwilson at ddj.com (Greg Wilson), python at rcn.com (Raymond Hettinger)",,31-Jul-2000,2000-07-31 00:00:00,,,218,,2.2,,,,,Final,,Adding a Built-In Set Object Type,Standards Track,
0582,"Kushal Das <mail at kushaldas.in>, Steve Dower <steve.dower at python.org>,
Donald Stufft <donald at stufft.io>, Nick Coghlan <ncoghlan at gmail.com>",,16-May-2018,2018-05-16 00:00:00,,,582,,3.8,,,,,Draft,,Python local packages directory,Standards Track,
3134,Ka-Ping Yee,,12-May-2005,2005-05-12 00:00:00,,,3134,,3.0,,,,,Final,,Exception Chaining and Embedded Tracebacks,Standards Track,
0568,Nathaniel J. Smith <njs at pobox.com>,,04-Jan-2018,2018-01-04 00:00:00,,,568,,3.8,,,,,Deferred,,Generator-sensitivity for Context Variables,Standards Track,
0554,Eric Snow <ericsnowcurrently at gmail.com>,,2017-09-05,2017-09-05 00:00:00,,,554,"07-Sep-2017, 08-Sep-2017, 13-Sep-2017, 05-Dec-2017,
09-May-2018",3.8,,,,,Draft,,Multiple Interpreters in the Stdlib,Standards Track,
0213,paul at prescod.net (Paul Prescod),,21-Jul-2000,2000-07-21 00:00:00,,,213,,2.1,,,,,Deferred,,Attribute Access Handlers,Standards Track,
0258,David Goodger <goodger at python.org>,,31-May-2001,2001-05-31 00:00:00,<doc-sig at python.org>,,258,13-Jun-2001,,,256 257,,,Rejected,,Docutils Design Specification,Standards Track,
0754,"Gregory R. Warnes <gregory_r_warnes at groton.pfizer.com> (Pfizer, Inc.)",,28-Mar-2003,2003-03-28 00:00:00,,,754,,2.3,,,,,Rejected,,IEEE 754 Floating Point Special Values,Standards Track,
0586,"Michael Lee <michael.lee.0x2a at gmail.com>, Ivan Levkivskyi <levkivskyi at gmail.com>, Jukka Lehtosalo <jukka.lehtosalo at iki.fi>",,14-Mar-2018,2018-03-14 00:00:00,Typing-Sig <typing-sig at python.org>,,586,14-Mar-2018,3.8,,,,,Draft,,Literal Types,Standards Track,
3000,Guido van Rossum <guido at python.org>,,05-Apr-2006,2006-04-05 00:00:00,,,3000,,,,,,,Final,,Python 3000,Process,
0480,"Trishank Karthik Kuppusamy <trishank at nyu.edu>,
Vladimir Diaz <vladimir.diaz at nyu.edu>, Donald Stufft <donald at stufft.io>,
Justin Cappos <jcappos at nyu.edu>",Richard Jones <r1chardj0n3s at gmail.com>,8-Oct-2014,2014-10-08 00:00:00,DistUtils mailing list <distutils-sig at python.org>,,480,,,,458,,,Deferred,,Surviving a Compromise of PyPI The Maximum Security Model,Standards Track,
3156,Guido van Rossum <guido at python.org>,Antoine Pitrou <antoine at python.org>,12-Dec-2012,2012-12-12 00:00:00,<python-tulip at googlegroups.com>,,3156,21-Dec-2012,,3153,,https//mail.python.org/pipermail/python-dev/2013-November/130419.html,,Final,,"Asynchronous IO Support Rebooted the ""asyncio"" Module",Standards Track,
0460,Antoine Pitrou <solipsis at pitrou.net>,,6-Jan-2014,2014-01-06 00:00:00,,,460,,3.5,,,,,Withdrawn,,Add binary interpolation and formatting,Standards Track,
0548,R David Murray,,05-Sep-2017,2017-09-05 00:00:00,,,548,05-Aug-2017,3.7,,,,,Rejected,,More Flexible Loop Control,Standards Track,
0336,Andrew McClelland <eternalsquire at comcast.net>,,28-Oct-2004,2004-10-28 00:00:00,,,336,,,,,,,Rejected,,Make None Callable,Standards Track,
0553,Barry Warsaw <barry at python.org>,,2017-09-05,2017-09-05 00:00:00,,,553,"2017-09-05, 2017-09-07, 2017-09-13",3.7,,,https//mail.python.org/pipermail/python-dev/2017-October/149705.html,,Final,,Built-in breakpoint(),Standards Track,
0396,Barry Warsaw <barry at python.org>,,2011-03-16,2011-03-16 00:00:00,,"2008-08-10 095920 -0400 (Sun, 10 Aug 2008)",396,2011-04-05,,,,,,Deferred,,Module Version Numbers,Informational,65628
0531,Nick Coghlan <ncoghlan at gmail.com>,,25-Oct-2016,2016-10-25 00:00:00,,,531,28-Oct-2016,3.7,,,,,Withdrawn,,Existence checking operators,Standards Track,
0556,Antoine Pitrou <solipsis at pitrou.net>,,2017-09-08,2017-09-08 00:00:00,,,556,2017-09-08,3.7,,,,,Deferred,,Threaded garbage collection,Standards Track,
0463,Chris Angelico <rosuav at gmail.com>,,15-Feb-2014,2014-02-15 00:00:00,,,463,"20-Feb-2014, 16-Feb-2014",3.5,,,https//mail.python.org/pipermail/python-dev/2014-March/133118.html,,Rejected,,Exception-catching expressions,Standards Track,
0492,Yury Selivanov <yury at magic.io>,,09-Apr-2015,2015-04-09 00:00:00,<python-dev at python.org>,,492,"17-Apr-2015, 21-Apr-2015, 27-Apr-2015, 29-Apr-2015, 05-May-2015",3.5,,,,,Final,,Coroutines with async and await syntax,Standards Track,
0359,Steven Bethard <steven.bethard at gmail.com>,,05-Apr-2006,2006-04-05 00:00:00,,,359,"05-Apr-2006, 06-Apr-2006, 13-Apr-2006",2.6,,,,,Withdrawn,,"The ""make"" Statement",Standards Track,
0495,"Alexander Belopolsky <alexander.belopolsky at gmail.com>, Tim Peters <tim.peters at gmail.com>",,02-Aug-2015,2015-08-02 00:00:00,Datetime-SIG <datetime-sig at python.org>,,495,,3.6,,,https//mail.python.org/pipermail/datetime-sig/2015-September/000900.html,,Final,,Local Time Disambiguation,Standards Track,
0371,"Jesse Noller <jnoller at gmail.com>,
Richard Oudkerk <r.m.oudkerk at googlemail.com>",,06-May-2008,2008-05-06 00:00:00,,,371,,2.6 / 3.0,,,,,Final,,Addition of the multiprocessing package to the standard library,Standards Track,
0325,Samuele Pedroni <pedronis at python.org>,,25-Aug-2003,2003-08-25 00:00:00,,,325,,2.4,,,,,Rejected,,Resource-Release Support for Generators,Standards Track,
0560,Ivan Levkivskyi <levkivskyi at gmail.com>,,03-Sep-2017,2017-09-03 00:00:00,,,560,"09-Sep-2017, 14-Nov-2017",3.7,,,https//mail.python.org/pipermail/python-dev/2017-December/151038.html,,Accepted,,Core support for typing module and generic types,Standards Track,
3101,Talin <viridia at gmail.com>,,16-Apr-2006,2006-04-16 00:00:00,,,3101,"28-Apr-2006, 6-May-2006, 10-Jun-2007, 14-Aug-2007, 14-Sep-2008",3.0,,,,,Final,,Advanced String Formatting,Standards Track,
0413,Nick Coghlan <ncoghlan at gmail.com>,,2012-02-24,2012-02-24 00:00:00,,,413,"2012-02-24, 2012-02-25",,,,TBD,,Withdrawn,,Faster evolution of the Python Standard Library,Process,
0572,"Chris Angelico <rosuav at gmail.com>, Tim Peters <tim.peters at gmail.com>,
Guido van Rossum <guido at python.org>",,28-Feb-2018,2018-02-28 00:00:00,,,572,"28-Feb-2018, 02-Mar-2018, 23-Mar-2018, 04-Apr-2018, 17-Apr-2018,
25-Apr-2018, 09-Jul-2018",3.8,,,https//mail.python.org/pipermail/python-dev/2018-July/154601.html,,Accepted,,Assignment Expressions,Standards Track,
3111,Andre Roberge <andre.roberge at gmail.com >,,13-Sep-2006,2006-09-13 00:00:00,,,3111,22-Dec-2006,3.0,,,,,Final,,Simple input built-in in Python 3000,Standards Track,
0512,Brett Cannon <brett at python.org>,,17-Jan-2015,2015-01-17 00:00:00,core-workflow at python.org,,512,"17-Jan-2016, 19-Jan-2016, 23-Jan-2016",,,,,,Final,,Migrating from hg.python.org to GitHub,Process,
0365,Phillip J. Eby <pje at telecommunity.com>,,30-Apr-2007,2007-04-30 00:00:00,,,365,30-Apr-2007,,,,,,Rejected,,Adding the pkg_resources module,Standards Track,
0283,Guido van Rossum,,27-Feb-2002,2002-02-27 00:00:00,,,283,27-Feb-2002,2.3,,,,,Final,,Python 2.3 Release Schedule,Informational,
0225,"hzhu at users.sourceforge.net (Huaiyu Zhu),
gregory.lielens at fft.be (Gregory Lielens)",,19-Sep-2000,2000-09-19 00:00:00,,,225,,2.1,,,https//www.python.org/dev/peps/pep-0465/#rejected-alternatives-to-adding-a-new-operator,,Rejected,,Elementwise/Objectwise Operators,Standards Track,
0522,"Nick Coghlan <ncoghlan at gmail.com>, Nathaniel J. Smith <njs at pobox.com>",,16 June 2016,2016-06-16 00:00:00,,,522,,3.6,,506,https//mail.python.org/pipermail/security-sig/2016-August/000101.html,,Rejected,,Allow BlockingIOError in security sensitive APIs,Standards Track,
0432,Nick Coghlan <ncoghlan at gmail.com>,,28-Dec-2012,2012-12-28 00:00:00,capi-sig at python.org,,432,"28-Dec-2012, 2-Jan-2013",3.9,,,,,Draft,,Restructuring the CPython startup sequence,Standards Track,
0375,Benjamin Peterson <benjamin at python.org>,,8-Feb-2009,2009-02-08 00:00:00,,,375,,3.1,,,,,Final,,Python 3.1 Release Schedule,Informational,
3150,Nick Coghlan <ncoghlan at gmail.com>,,2010-07-09,2010-07-09 00:00:00,,,3150,"2010-07-14, 2011-04-21, 2011-06-13",3.4,,,TBD,,Deferred,,"Statement local namespaces (aka ""given"" clause)",Standards Track,
0228,"moshez at zadka.site.co.il (Moshe Zadka), guido at python.org (Guido van Rossum)",,4-Nov-2000,2000-11-04 00:00:00,,,228,,,,,,,Withdrawn,,Reworking Python's Numeric Model,Standards Track,
0399,Brett Cannon <brett at python.org>,,04-Apr-2011,2011-04-04 00:00:00,,"2011-01-27 134700 -0800 (Thu, 27 Jan 2011)",399,"04-Apr-2011, 12-Apr-2011, 17-Jul-2011, 15-Aug-2011, 01-Jan-2013",3.3,,,,,Final,,Pure Python/C Accelerator Module Compatibility Requirements,Informational,88219
0561,Ethan Smith <ethan at ethanhs.me>,,09-Sep-2017,2017-09-09 00:00:00,,,561,"10-Sep-2017, 12-Sep-2017, 06-Oct-2017, 26-Oct-2017, 12-Apr-2018",3.7,,,,,Accepted,,Distributing and Packaging Type Information,Standards Track,
3135,"Calvin Spealman <ironfroggy at gmail.com>,
Tim Delaney <timothy.c.delaney at gmail.com>,
Lie Ryan <lie.1296 at gmail.com>",,28-Apr-2007,2007-04-28 00:00:00,,,3135,"28-Apr-2007, 29-Apr-2007 (1), 29-Apr-2007 (2), 14-May-2007, 12-Mar-2009",3.0,,,,,Final,,New Super,Standards Track,
0276,james_althoff at i2.com (Jim Althoff),,12-Nov-2001,2001-11-12 00:00:00,,,276,,2.3,,,,,Rejected,,Simple Iterator for ints,Standards Track,
0516,"Robert Collins <rbtcollins at hp.com>,
Nathaniel Smith <njs at pobox.com>",Nick Coghlan <ncoghlan at gmail.com>,26-Oct-2015,2015-10-26 00:00:00,distutils-sig <distutils-sig at python.org>,,516,,,,,https//mail.python.org/pipermail/distutils-sig/2017-May/030517.html,,Rejected,,Build system abstraction for pip/conda etc,Standards Track,
0487,"Martin Teichmann <lkb.teichmann at gmail.com>,",,27-Feb-2015,2015-02-27 00:00:00,,,487,"27-Feb-2015, 5-Feb-2016, 24-Jun-2016, 2-Jul-2016, 13-Jul-2016",3.6,422,,https//mail.python.org/pipermail/python-dev/2016-July/145629.html,,Final,,Simpler customisation of class creation,Standards Track,
0473,Sebastian Kreft <skreft at deezer.com>,,29-Mar-2014,2014-03-29 00:00:00,,,473,,,,,https//mail.python.org/pipermail/python-dev/2019-March/156692.html,,Rejected,,Adding structured data to built-in exceptions,Standards Track,
0418,"Cameron Simpson <cs at cskk.id.au>, Jim Jewett <jimjjewett at gmail.com>, Stephen J. Turnbull <stephen at xemacs.org>, Victor Stinner <vstinner at redhat.com>",,26-March-2012,2012-03-26 00:00:00,,,418,,3.3,,,,,Final,,"Add monotonic time, performance counter, and process time functions",Standards Track,
0267,jeremy at alum.mit.edu (Jeremy Hylton),,23-May-2001,2001-05-23 00:00:00,,,267,,2.2,,,,,Deferred,,Optimized Access to Module Namespaces,Standards Track,
0580,Jeroen Demeyer <J.Demeyer at UGent.be>,Petr Viktorin,14-Jun-2018,2018-06-14 00:00:00,,,580,"20-Jun-2018, 22-Jun-2018, 16-Jul-2018",3.8,,,,,Draft,,The C call protocol,Standards Track,
0519,"Brett Cannon <brett at python.org>,
Koos Zevenhoven <k7hoven at gmail.com>",,11-May-2016,2016-05-11 00:00:00,,,519,"11-May-2016,
12-May-2016,
13-May-2016",3.6,,,https//mail.python.org/pipermail/python-dev/2016-May/144646.html,,Final,,Adding a file system path protocol,Standards Track,
3120,Martin von Löwis <martin at v.loewis.de>,,15-Apr-2007,2007-04-15 00:00:00,,,3120,,3.0,,,,,Final,,Using UTF-8 as the default source encoding,Standards Track,
0414,"Armin Ronacher <armin.ronacher at active-4.com>,
Nick Coghlan <ncoghlan at gmail.com>",,15-Feb-2012,2012-02-15 00:00:00,,,414,"28-Feb-2012, 04-Mar-2012",,,,https//mail.python.org/pipermail/python-dev/2012-February/116995.html,,Final,,Explicit Unicode Literal for Python 3.3,Standards Track,
0243,jafo-pep at tummy.com (Sean Reifschneider),,18-Mar-2001,2001-03-18 00:00:00,distutils-sig at python.org,,243,"20-Mar-2001, 24-Mar-2001",2.1,,,,,Withdrawn,,Module Repository Upload Mechanism,Standards Track,
0546,"Victor Stinner <vstinner at redhat.com>,
Cory Benfield <cory at lukasa.co.uk>,",Benjamin Peterson <benjamin at python.org>,30-May-2017,2017-05-30 00:00:00,,,546,23-May-2017,2.7,,,https//mail.python.org/pipermail/python-dev/2017-June/148301.html,,Rejected,,Backport ssl.MemoryBIO and ssl.SSLObject to Python 2.7,Standards Track,
0389,Steven Bethard <steven.bethard at gmail.com>,,25-Sep-2009,2009-09-25 00:00:00,,,389,"27-Sep-2009, 24-Oct-2009",2.7 and 3.2,,,,,Final,,argparse - New Command Line Parsing Module,Standards Track,
0447,Ronald Oussoren <ronaldoussoren at mac.com>,,12-Jun-2013,2013-06-12 00:00:00,,,447,"2-Jul-2013, 15-Jul-2013, 29-Jul-2013, 22-Jul-2015",,,,,,Deferred,,Add __getdescriptor__ method to metaclass,Standards Track,
0291,nnorwitz at gmail.com (Neal Norwitz),,06-Jun-2002,2002-06-06 00:00:00,,,291,,2.3,,,,,Final,,Backward Compatibility for the Python 2 Standard Library,Informational,
0563,Łukasz Langa <lukasz at python.org>,,8-Sep-2017,2017-09-08 00:00:00,Python-Dev <python-dev at python.org>,,563,"1-Nov-2017, 21-Nov-2017",3.7,,,https//mail.python.org/pipermail/python-dev/2017-December/151042.html,,Accepted,,Postponed Evaluation of Annotations,Standards Track,
0235,Tim Peters <tim.peters at gmail.com>,,,,,,235,16 February 2001,2.1,,,,,Final,,Import on Case-Insensitive Platforms,Standards Track,
0364,Barry Warsaw <barry at python.org>,,01-Mar-2007,2007-03-01 00:00:00,,,364,,2.6,,,,,Withdrawn,,Transitioning to the Py3K Standard Library,Standards Track,
0475,"Charles-François Natali <cf.natali at gmail.com>, Victor Stinner <vstinner at redhat.com>",Antoine Pitrou <solipsis at pitrou.net>,29-July-2014,2014-07-29 00:00:00,,,475,,3.5,,,https//mail.python.org/pipermail/python-dev/2015-February/138018.html,,Final,,Retry system calls failing with EINTR,Standards Track,
0345,Richard Jones <richard at python.org>,,28-Apr-2005,2005-04-28 00:00:00,Distutils SIG,,345,,2.5,,,,,Final,,Metadata for Python Software Packages 1.2,Standards Track,
0349,Neil Schemenauer <nas at arctrix.com>,,02-Aug-2005,2005-08-02 00:00:00,,,349,06-Aug-2005,2.5,,,,,Deferred,,Allow str() to return unicode strings,Standards Track,
0346,Nick Coghlan <ncoghlan at gmail.com>,,6-May-2005,2005-05-06 00:00:00,,,346,,2.5,,,,,Withdrawn,,"User Defined (""with"") Statements",Standards Track,
0565,Nick Coghlan <ncoghlan at gmail.com>,,12-Nov-2017,2017-11-12 00:00:00,,,565,"12-Nov-2017, 25-Nov-2017",3.7,,,https//mail.python.org/pipermail/python-dev/2017-December/151224.html,,Final,,Show DeprecationWarning in __main__,Standards Track,
0292,barry at python.org (Barry Warsaw),,18-Jun-2002,2002-06-18 00:00:00,,,292,"18-Jun-2002, 23-Mar-2004, 22-Aug-2004",2.4,215,,,,Final,,Simpler String Substitutions,Standards Track,
0398,Georg Brandl <georg at python.org>,,23-Mar-2011,2011-03-23 00:00:00,,,398,,3.3,,,,,Final,,Python 3.3 Release Schedule,Informational,
0261,Paul Prescod <paul at prescod.net>,,27-Jun-2001,2001-06-27 00:00:00,,,261,27-Jun-2001,2.2,,,,,Final,,"Support for ""wide"" Unicode characters",Standards Track,
0505,"Mark E. Haase <mehaase at gmail.com>, Steve Dower <steve.dower at python.org>",,18-Sep-2015,2015-09-18 00:00:00,,,505,,3.8,,,,,Deferred,,None-aware operators,Standards Track,
0311,Mark Hammond <mhammond at skippinet.com.au>,,05-Feb-2003,2003-02-05 00:00:00,,,311,05-Feb-2003 14-Feb-2003 19-Apr-2003,,,,,,Final,,Simplified Global Interpreter Lock Acquisition for Extensions,Standards Track,
0307,"Guido van Rossum, Tim Peters",,31-Jan-2003,2003-01-31 00:00:00,,,307,7-Feb-2003,,,,,,Final,,Extensions to the pickle protocol,Standards Track,
0378,Raymond Hettinger <python at rcn.com>,,12-Mar-2009,2009-03-12 00:00:00,,,378,12-Mar-2009,2.7 and 3.1,,,,,Final,,Format Specifier for Thousands Separator,Standards Track,
0286,martin at v.loewis.de (Martin von Löwis),,3-Mar-2002,2002-03-03 00:00:00,,,286,,2.3,,,,,Deferred,,Enhanced Argument Tuples,Standards Track,
3154,Antoine Pitrou <solipsis at pitrou.net>,,2011-08-11,2011-08-11 00:00:00,,,3154,https//mail.python.org/pipermail/python-dev/2011-August/112821.html,3.4,,,https//mail.python.org/pipermail/python-dev/2013-November/130439.html,,Final,,Pickle protocol version 4,Standards Track,
0313,Mike Meyer <mwm at mired.org>,,01-Apr-2003,2003-04-01 00:00:00,,,313,,2.4,,,,,Rejected,,Adding Roman Numeral Literals to Python,Standards Track,
8000,Barry Warsaw <barry at python.org>,,2018-08-24,2018-08-24 00:00:00,,,8000,,,,,,,Active,,Python Language Governance Proposal Overview,Informational,
0436,Larry Hastings <larry at hastings.org>,,22-Feb-2013,2013-02-22 00:00:00,Python-Dev <python-dev at python.org>,,436,,,,,,,Final,,The Argument Clinic DSL,Standards Track,
0005,paul at prescod.net (Paul Prescod),,26-Oct-2000,2000-10-26 00:00:00,,,5,,,,,,,Active,,Guidelines for Language Evolution,Process,
0428,Antoine Pitrou <solipsis at pitrou.net>,,30-July-2012,2012-07-30 00:00:00,,,428,https//mail.python.org/pipermail/python-ideas/2012-October/016338.html,3.4,,,https//mail.python.org/pipermail/python-dev/2013-November/130424.html,,Final,,The pathlib module -- object-oriented filesystem paths,Standards Track,
0282,"vinay_sajip at red-dove.com (Vinay Sajip), trentm at activestate.com (Trent Mick)",,4-Feb-2002,2002-02-04 00:00:00,,,282,,2.3,,,,,Final,,A Logging System,Standards Track,
0491,Daniel Holth <dholth at gmail.com>,,16 April 2015,2015-04-16 00:00:00,<distutils-sig at python.org>,,491,,,,,,,Deferred,,The Wheel Binary Package Format 1.9,Standards Track,
0201,barry at python.org (Barry Warsaw),,13-Jul-2000,2000-07-13 00:00:00,,,201,27-Jul-2000,2.0,,,,,Final,,Lockstep Iteration,Standards Track,
0227,jeremy at alum.mit.edu (Jeremy Hylton),,01-Nov-2000,2000-11-01 00:00:00,,,227,,2.1,,,,,Final,,Statically Nested Scopes,Standards Track,
0002,Martijn Faassen <faassen at infrae.com>,,07-Jul-2001,2001-07-07 00:00:00,,,2,"07-Jul-2001, 09-Mar-2002",,,,,,Final,,Procedure for Adding New Modules,Process,
0100,mal at lemburg.com (Marc-André Lemburg),,10-Mar-2000,2000-03-10 00:00:00,,,100,,2.0,,,,,Final,,Python Unicode Integration,Standards Track,
0210,davida at activestate.com (David Ascher),,15-Jul-2000,2000-07-15 00:00:00,,,210,,2.1,,,,,Rejected,,Decoupling the Interpreter Loop,Standards Track,
0208,"nas at arctrix.com (Neil Schemenauer), mal at lemburg.com (Marc-André Lemburg)",,04-Dec-2000,2000-12-04 00:00:00,,,208,,2.1,,,,,Final,,Reworking the Coercion Model,Standards Track,
0009,Barry Warsaw <barry at python.org>,,14-Aug-2001,2001-08-14 00:00:00,,,9,,,,,https//mail.python.org/mailman/private/peps/2016-January/001165.html,,Withdrawn,,Sample Plaintext PEP Template,Process,
0566,Dustin Ingram <di at di.codes>,Daniel Holth,1-Dec-2017,2017-12-01 00:00:00,distutils-sig <distutils-sig at python.org>,,566,,3.x,345,,https//mail.python.org/pipermail/distutils-sig/2018-February/032014.html,,Final,,Metadata for Python Software Packages 2.1,Standards Track,
0528,Steve Dower <steve.dower at python.org>,,27-Aug-2016,2016-08-27 00:00:00,,,528,"01-Sep-2016, 04-Sep-2016",3.6,,,https//mail.python.org/pipermail/python-dev/2016-September/146278.html,,Final,,Change Windows console encoding to UTF-8,Standards Track,
0523,"Brett Cannon <brett at python.org>,
Dino Viehland <dinov at microsoft.com>",,16-May-2016,2016-05-16 00:00:00,,,523,16-May-2016,,,,https//mail.python.org/pipermail/python-dev/2016-August/145937.html,,Final,,Adding a frame evaluation API to CPython,Standards Track,
0446,Victor Stinner <vstinner at redhat.com>,,5-August-2013,2013-08-05 00:00:00,,,446,,3.4,433,,,,Final,,Make newly created file descriptors non-inheritable,Standards Track,
8100,"Nathaniel J. Smith <njs at pobox.com>, Ernest W. Durbin III <ewdurbin at gmail.com>",,3-Jan-2019,2019-01-03 00:00:00,,,8100,,,,,,,Active,,January 2019 steering council election,Informational,
0209,"barrett at stsci.edu (Paul Barrett), oliphant at ee.byu.edu (Travis Oliphant)",,03-Jan-2001,2001-01-03 00:00:00,,,209,,2.2,,,,,Withdrawn,,Multi-dimensional Arrays,Standards Track,
0494,Ned Deily <nad at python.org>,,30-May-2015,2015-05-30 00:00:00,,,494,,3.6,,,,,Active,,Python 3.6 Release Schedule,Informational,
0011,"Martin von Löwis <martin at v.loewis.de>,
Brett Cannon <brett at python.org>",,07-Jul-2002,2002-07-07 00:00:00,,,11,"18-Aug-2007
16-May-2014
20-Feb-2015",,,,,,Active,,Removing support for little used platforms,Process,
0273,jim at interet.com (James C. Ahlstrom),,11-Oct-2001,2001-10-11 00:00:00,,,273,26-Oct-2001,2.3,,,,,Final,,Import Modules from Zip Archives,Standards Track,
0508,Robert Collins <rbtcollins at hp.com>,Donald Stufft <donald at stufft.io>,11-Nov-2015,2015-11-11 00:00:00,distutils-sig <distutils-sig at python.org>,,508,"05-Nov-2015, 16-Nov-2015",,,,https//mail.python.org/pipermail/distutils-sig/2015-November/027868.html,,Active,,Dependency specification for Python Software Packages,Informational,
0440,"Nick Coghlan <ncoghlan at gmail.com>,
Donald Stufft <donald at stufft.io>",Nick Coghlan <ncoghlan at gmail.com>,18 Mar 2013,2013-03-18 00:00:00,Distutils SIG <distutils-sig at python.org>,,440,"30 Mar 2013, 27 May 2013, 20 Jun 2013,
21 Dec 2013, 28 Jan 2014, 08 Aug 2014
22 Aug 2014",,386,,https//mail.python.org/pipermail/distutils-sig/2014-August/024673.html,,Active,,Version Identification and Dependency Specification,Informational,
3145,"(James) Eric Pruitt, Charles R. McCreary, Josiah Carlson",,04-Aug-2009,2009-08-04 00:00:00,,,3145,,3.2,,,,,Withdrawn,,Asynchronous I/O For subprocess.Popen,Standards Track,
0559,Barry Warsaw <barry at python.org>,,2017-09-08,2017-09-08 00:00:00,,,559,2017-09-09,3.7,,,https//mail.python.org/pipermail/python-dev/2017-September/149438.html,,Rejected,,Built-in noop(),Standards Track,
0462,Nick Coghlan <ncoghlan at gmail.com>,,23-Jan-2014,2014-01-23 00:00:00,,,462,"25-Jan-2014, 27-Jan-2014, 01-Feb-2015",,,474,,,Withdrawn,,Core development workflow automation for CPython,Process,
3109,Collin Winter <collinwinter at google.com>,,19-Jan-2006,2006-01-19 00:00:00,,,3109,,3.0,,,,,Final,,Raising Exceptions in Python 3000,Standards Track,
0285,guido at python.org (Guido van Rossum),,8-Mar-2002,2002-03-08 00:00:00,,,285,"8-Mar-2002, 30-Mar-2002, 3-Apr-2002",2.3,,,,,Final,,Adding a bool type,Standards Track,
0400,Victor Stinner <vstinner at redhat.com>,,28-May-2011,2011-05-28 00:00:00,,,400,,3.3,,,,,Deferred,,Deprecate codecs.StreamReader and codecs.StreamWriter,Standards Track,
0319,Michel Pelletier <michel at users.sourceforge.net>,,24-Feb-2003,2003-02-24 00:00:00,,,319,,2.4?,,,,,Rejected,,Python Synchronize/Asynchronize Block,Standards Track,
0390,Tarek Ziadé <tarek at ziade.org>,Nick Coghlan,10-October-2009,2009-10-10 00:00:00,<distutils-sig at python.org>,,390,,2.7 and 3.2,,,https//mail.python.org/pipermail/distutils-sig/2013-April/020597.html,,Rejected,,Static metadata for Distutils,Standards Track,
0474,Nick Coghlan <ncoghlan at gmail.com>,,19-Jul-2014,2014-07-19 00:00:00,,,474,"19-Jul-2014, 08-Jan-2015, 01-Feb-2015",,,,,,Withdrawn,,Creating forge.python.org,Process,
0264,Michael Hudson <mwh at python.net>,,30-Jul-2001,2001-07-30 00:00:00,,,264,30-Jul-2001,2.2,,236,,,Final,,Future statements in simulated shells,Standards Track,
0544,"Ivan Levkivskyi <levkivskyi at gmail.com>, Jukka Lehtosalo <jukka.lehtosalo at iki.fi>, Łukasz Langa <lukasz at python.org>",Guido van Rossum <guido at python.org>,05-Mar-2017,2017-03-05 00:00:00,Python-Dev <python-dev at python.org>,,544,,3.7,,,,,Draft,,Protocols Structural subtyping (static duck typing),Standards Track,
0501,Nick Coghlan <ncoghlan at gmail.com>,,08-Aug-2015,2015-08-08 00:00:00,,,501,"08-Aug-2015, 23-Aug-2015, 30-Aug-2015",3.6,,498,,,Deferred,,General purpose string interpolation,Standards Track,
3136,Matt Chisholm <matt-python at theory.org>,,30-Jun-2007,2007-06-30 00:00:00,,,3136,,3.1,,,,,Rejected,,Labeled break and continue,Standards Track,
3148,Brian Quinlan <brian at sweetapp.com>,,16-Oct-2009,2009-10-16 00:00:00,,,3148,,3.2,,,,,Final,,futures - execute computations asynchronously,Standards Track,
0569,Łukasz Langa <lukasz at python.org>,,27-Jan-2018,2018-01-27 00:00:00,,,569,,3.8,,,,,Draft,,Python 3.8 Release Schedule,Informational,
0476,Alex Gaynor <alex.gaynor at gmail.com>,,28-August-2014,2014-08-28 00:00:00,,,476,,,,,https//mail.python.org/pipermail/python-dev/2014-October/136676.html,,Final,,Enabling certificate verification by default for stdlib http clients,Standards Track,
3125,Jim J. Jewett <JimJJewett at gmail.com>,,29-Apr-2007,2007-04-29 00:00:00,,,3125,"29-Apr-2007, 30-Apr-2007, 04-May-2007",,,,,,Rejected,,Remove Backslash Continuation,Standards Track,
0466,"Nick Coghlan <ncoghlan at gmail.com>,",,23-Mar-2014,2014-03-23 00:00:00,,,466,"23-Mar-2014, 24-Mar-2014, 25-Mar-2014, 26-Mar-2014, 16-Apr-2014",2.7.9,,,https//mail.python.org/pipermail/python-dev/2014-April/134163.html,,Final,,Network Security Enhancements for Python 2.7.x,Standards Track,
0557,Eric V. Smith <eric at trueblade.com>,,02-Jun-2017,2017-06-02 00:00:00,,,557,"08-Sep-2017, 25-Nov-2017, 30-Nov-2017, 01-Dec-2017, 02-Dec-2017, 06-Jan-2018, 04-Mar-2018",3.7,,,https//mail.python.org/pipermail/python-dev/2017-December/151034.html,,Accepted,,Data Classes,Standards Track,
0248,mal at lemburg.com (Marc-André Lemburg),,,,db-sig at python.org,,248,,,,,,,Final,249,Python Database API Specification v1.0,Informational,
0316,Terence Way <terry at wayforward.net>,,02-May-2003,2003-05-02 00:00:00,,,316,,,,,,,Deferred,,Programming by Contract for Python,Standards Track,
0383,Martin v. Löwis <martin at v.loewis.de>,,22-Apr-2009,2009-04-22 00:00:00,,,383,,3.1,,,,,Final,,Non-decodable Bytes in System Character Interfaces,Standards Track,
0477,"Donald Stufft <donald at stufft.io>
Nick Coghlan <ncoghlan at gmail.com>",Benjamin Peterson <benjamin at python.org>,26-Aug-2014,2014-08-26 00:00:00,,,477,1-Sep-2014,,,,https//mail.python.org/pipermail/python-dev/2014-September/136238.html,,Final,,Backport ensurepip (PEP 453) to Python 2.7,Standards Track,
0309,Peter Harris <scav at blueyonder.co.uk>,,08-Feb-2003,2003-02-08 00:00:00,,,309,"10-Feb-2003, 27-Feb-2003, 22-Feb-2004, 28-Apr-2006",2.5,,,,,Final,,Partial Function Application,Standards Track,
0472,"Stefano Borini, Joseph Martinot-Lagarde",,24-Jun-2014,2014-06-24 00:00:00,python-ideas at python.org,,472,02-Jul-2014,3.6,,,https//mail.python.org/pipermail/python-dev/2019-March/156693.html,,Rejected,,Support for indexing with keyword arguments,Standards Track,
0394,"Kerrick Staley <mail at kerrickstaley.com>,
Nick Coghlan <ncoghlan at gmail.com>,
Barry Warsaw <barry at python.org>,
Petr Viktorin <encukou at gmail.com>",,02-Mar-2011,2011-03-02 00:00:00,,,394,"04-Mar-2011, 20-Jul-2011, 16-Feb-2012, 30-Sep-2014, 28-Apr-2018",,,,https//mail.python.org/pipermail/python-dev/2012-February/116594.html,,Active,,"The ""python"" Command on Unix-Like Systems",Informational,
3100,Brett Cannon <brett at python.org>,,20-Aug-2004,2004-08-20 00:00:00,,,3100,,,,,,,Final,,Miscellaneous Python 3.0 Plans,Process,
0579,Jeroen Demeyer <J.Demeyer at UGent.be>,Petr Viktorin,04-Jun-2018,2018-06-04 00:00:00,,,579,20-Jun-2018,,,,,,Draft,,Refactoring C functions and methods,Informational,
8011,"Mariatta Wijaya <mariatta at python.org>, Barry Warsaw <barry at python.org>",,2018-08-24,2018-08-24 00:00:00,,,8011,,,,,,,Rejected,,Python Governance Model Lead by Trio of Pythonistas,Informational,
0219,gmcm at hypernet.com (Gordon McMillan),,14-Aug-2000,2000-08-14 00:00:00,,,219,,2.1,,,,,Deferred,,Stackless Python,Standards Track,
0231,barry at python.org (Barry Warsaw),,30-Nov-2000,2000-11-30 00:00:00,,,231,,2.1,,,,,Rejected,,__findattr__(),Standards Track,
0296,xscottg at yahoo.com (Scott Gilbert),,12-Jul-2002,2002-07-12 00:00:00,,,296,,2.3,,,,,Withdrawn,,Adding a bytes Object Type,Standards Track,
3139,Benjamin Peterson <benjamin at python.org>,,4-April-2008,2008-04-04 00:00:00,,,3139,,3.0,,,,,Rejected,,"Cleaning out sys and the ""interpreter"" module",Standards Track,
0332,Skip Montanaro <skip at pobox.com>,,11-Aug-2004,2004-08-11 00:00:00,,,332,,2.5,,,,,Rejected,,Byte vectors and String/Unicode Unification,Standards Track,
0427,Daniel Holth <dholth at gmail.com>,Nick Coghlan <ncoghlan at gmail.com>,20-Sep-2012,2012-09-20 00:00:00,<distutils-sig at python.org>,,427,"18-Oct-2012, 15-Feb-2013",,,,https//mail.python.org/pipermail/python-dev/2013-February/124103.html,,Final,,The Wheel Binary Package Format 1.0,Standards Track,
0527,Donald Stufft <donald at stufft.io>,Nick Coghlan <ncoghlan at gmail.com>,23-Aug-2016,2016-08-23 00:00:00,distutils-sig at python.org,,527,23-Aug-2016,,,,https//mail.python.org/pipermail/distutils-sig/2016-September/029624.html,,Accepted,,Removing Un(der)used file types/extensions on PyPI,Process,
0216,moshez at zadka.site.co.il (Moshe Zadka),,31-Jul-2000,2000-07-31 00:00:00,,,216,,,,,,,Rejected,287,Docstring Format,Informational,
0438,"Holger Krekel <holger at merlinux.eu>, Carl Meyer <carl at oddbird.net>",Richard Jones <richard at python.org>,15-Mar-2013,2013-03-15 00:00:00,distutils-sig at python.org,,438,19-May-2013,,,,https//mail.python.org/pipermail/distutils-sig/2013-May/020773.html,,Superseded,470,Transitioning to release-file hosting on PyPI,Process,
0539,"Erik M. Bray, Masayuki Yamamoto",Nick Coghlan,20-Dec-2016,2016-12-20 00:00:00,,,539,"16-Dec-2016, 31-Aug-2017, 08-Sep-2017",3.7,,,https//mail.python.org/pipermail/python-dev/2017-September/149358.html,,Final,,A New C-API for Thread-Local Storage in CPython,Standards Track,
0422,"Nick Coghlan <ncoghlan at gmail.com>,
Daniel Urban <urban.dani+py at gmail.com>",,5-Jun-2012,2012-06-05 00:00:00,,,422,"5-Jun-2012, 10-Feb-2013",3.5,,,,,Withdrawn,,Simpler customisation of class creation,Standards Track,
3124,Phillip J. Eby <pje at telecommunity.com>,,28-Apr-2007,2007-04-28 00:00:00,Python 3000 List <python-3000 at python.org>,,3124,30-Apr-2007,,245 246,3107 3115 3119,,,Deferred,,"Overloading, Generic Functions, Interfaces, and Adaptation",Standards Track,
0245,Michel Pelletier <michel at users.sourceforge.net>,,11-Jan-2001,2001-01-11 00:00:00,http//www.zope.org/Wikis/Interfaces,,245,21-Mar-2001,2.2,,,,,Rejected,,Python Interface Syntax,Standards Track,
0004,"Brett Cannon <brett at python.org>, Martin von Löwis <martin at v.loewis.de>",,1-Oct-2000,2000-10-01 00:00:00,,,4,,,,,,,Active,,Deprecation of Standard Modules,Process,
0407,"Antoine Pitrou <solipsis at pitrou.net>,
Georg Brandl <georg at python.org>,
Barry Warsaw <barry at python.org>",,2012-01-12,2012-01-12 00:00:00,,,407,17-Jan-2012,,,,TBD,,Deferred,,New release cycle and introducing long-term support versions,Process,
0575,Jeroen Demeyer <J.Demeyer at UGent.be>,,27-Mar-2018,2018-03-27 00:00:00,,,575,"31-Mar-2018, 12-Apr-2018, 27-Apr-2018, 5-May-2018",3.8,,,,,Withdrawn,,Unifying function/method classes,Standards Track,
0279,python at rcn.com (Raymond Hettinger),,30-Jan-2002,2002-01-30 00:00:00,,,279,,2.3,,,,,Final,,The enumerate() built-in function,Standards Track,
0451,Eric Snow <ericsnowcurrently at gmail.com>,"Brett Cannon <brett at python.org>, Nick Coghlan <ncoghlan at gmail.com>",8-Aug-2013,2013-08-08 00:00:00,import-sig at python.org,,451,"8-Aug-2013, 28-Aug-2013, 18-Sep-2013, 24-Sep-2013, 4-Oct-2013",3.4,,,https//mail.python.org/pipermail/python-dev/2013-November/130104.html,,Final,,A ModuleSpec Type for the Import System,Standards Track,
0404,Barry Warsaw <barry at python.org>,,2011-11-09,2011-11-09 00:00:00,,,404,,2.8,,,,,Final,,Python 2.8 Un-release Schedule,Informational,
0393,Martin v. Löwis <martin at v.loewis.de>,,24-Jan-2010,2010-01-24 00:00:00,,,393,,3.3,,,,,Final,,Flexible String Representation,Standards Track,
0374,"Brett Cannon <brett at python.org>,
Stephen J. Turnbull <stephen at xemacs.org>,
Alexandre Vassalotti <alexandre at peadrop.com>,
Barry Warsaw <barry at python.org>,
Dirkjan Ochtman <dirkjan at ochtman.nl>",,07-Nov-2008,2008-11-07 00:00:00,,,374,"07-Nov-2008
22-Jan-2009",,,,,,Final,,Choosing a distributed VCS for the Python project,Process,
0448,Joshua Landau <joshua at landau.ws>,,29-Jun-2013,2013-06-29 00:00:00,python-ideas at python.org,,448,,3.5,,,,,Final,,Additional Unpacking Generalizations,Standards Track,
0269,jriehl at spaceship.com (Jonathan Riehl),,24-Aug-2001,2001-08-24 00:00:00,,,269,,2.2,,,,,Deferred,,Pgen Module for Python,Standards Track,
0520,Eric Snow <ericsnowcurrently at gmail.com>,,7-Jun-2016,2016-06-07 00:00:00,,,520,"7-Jun-2016, 11-Jun-2016, 20-Jun-2016, 24-Jun-2016",3.6,,,https//mail.python.org/pipermail/python-dev/2016-June/145442.html,,Final,,Preserving Class Attribute Definition Order,Standards Track,
0464,Donald Stufft <donald at stufft.io>,Richard Jones <richard at python.org>,02-Mar-2014,2014-03-02 00:00:00,distutils-sig at python.org,,464,04-Mar-2014,,381,,https//mail.python.org/pipermail/distutils-sig/2014-March/024027.html,,Final,,Removal of the PyPI Mirror Authenticity API,Process,
0801,Barry Warsaw <barry at python.org>,,21-Jun-2018,2018-06-21 00:00:00,,,801,,,,,,,Draft,,Reserved,Informational,
0250,p.f.moore at gmail.com (Paul Moore),,30-Mar-2001,2001-03-30 00:00:00,,,250,30-Mar-2001,2.2,,,,,Final,,Using site-packages on Windows,Standards Track,
0322,Raymond Hettinger <python at rcn.com>,,24-Sep-2003,2003-09-24 00:00:00,,,322,24-Sep-2003,2.4,,,,,Final,,Reverse Iteration,Standards Track,
0001,"Barry Warsaw, Jeremy Hylton, David Goodger, Nick Coghlan",,13-Jun-2000,2000-06-13 00:00:00,,,1,"21-Mar-2001, 29-Jul-2002, 03-May-2003, 05-May-2012,
07-Apr-2013",,,,,,Active,,PEP Purpose and Guidelines,Process,
0573,"Petr Viktorin <encukou at gmail.com>,
Nick Coghlan <ncoghlan at gmail.com>,
Eric Snow <ericsnowcurrently at gmail.com>
Marcel Plch <gmarcel.plch at gmail.com>",,02-Jun-2016,2016-06-02 00:00:00,import-sig at python.org,,573,,3.8,,,,,Draft,,Module State Access from C Extension Methods,Standards Track,
0236,Tim Peters <tim.peters at gmail.com>,,26-Feb-2001,2001-02-26 00:00:00,,,236,26-Feb-2001,2.1,,,,,Final,,Back to the __future__,Standards Track,
0525,Yury Selivanov <yury at magic.io>,,28-Jul-2016,2016-07-28 00:00:00,<python-dev at python.org>,,525,"02-Aug-2016, 23-Aug-2016, 01-Sep-2016, 06-Sep-2016",3.6,,,,,Final,,Asynchronous Generators,Standards Track,
0223,tim.peters at gmail.com (Tim Peters),,20-Aug-2000,2000-08-20 00:00:00,,,223,23-Aug-2000,2.0,,,,,Final,,Change the Meaning of \x Escapes,Standards Track,
0215,ping at zesty.ca (Ka-Ping Yee),,24-Jul-2000,2000-07-24 00:00:00,,,215,,2.1,,,,,Superseded,292,String Interpolation,Standards Track,
0392,Georg Brandl <georg at python.org>,,30-Dec-2009,2009-12-30 00:00:00,,,392,,3.2,,,,,Final,,Python 3.2 Release Schedule,Informational,
0411,"Nick Coghlan <ncoghlan at gmail.com>,
Eli Bendersky <eliben at gmail.com>",,2012-02-10,2012-02-10 00:00:00,,,411,"2012-02-10, 2012-03-24",3.3,,,,,Active,,Provisional packages in the Python standard library,Informational,
8016,"Nathaniel J. Smith, Donald Stufft",,2018-11-01,2018-11-01 00:00:00,,,8016,,,,,,,Accepted,,The Steering Council Model,Informational,
0246,"aleaxit at gmail.com (Alex Martelli),
cce at clarkevans.com (Clark C. Evans)",,21-Mar-2001,2001-03-21 00:00:00,,,246,"29-Mar-2001, 10-Jan-2005",2.5,,,,,Rejected,,Object Adaptation,Standards Track,
0284,"David Eppstein <eppstein at ics.uci.edu>,
Greg Ewing <greg.ewing at canterbury.ac.nz>",,1-Mar-2002,2002-03-01 00:00:00,,,284,,2.3,,,,,Rejected,,Integer for-loops,Standards Track,
8014,Jack Jansen,,2018-09-16,2018-09-16 00:00:00,,,8014,,,,,,,Rejected,,The Commons Governance Model,Informational,
0439,Richard Jones <richard at python.org>,Nick Coghlan <ncoghlan at gmail.com>,18-Mar-2013,2013-03-18 00:00:00,<distutils-sig at python.org>,,439,19-Mar-2013,3.4,,,https//mail.python.org/pipermail/distutils-sig/2013-August/022527.html,,Rejected,,Inclusion of implicit pip bootstrap in Python installation,Standards Track,
0437,Stefan Krah <skrah at bytereef.org>,,2013-03-11,2013-03-11 00:00:00,,,437,,3.4,,,https//mail.python.org/pipermail/python-dev/2013-May/126117.html,,Rejected,,"A DSL for specifying signatures, annotations and argument converters",Standards Track,
0293,Walter Dörwald <walter at livinglogic.de>,,18-Jun-2002,2002-06-18 00:00:00,,,293,19-Jun-2002,2.3,,,,,Final,,Codec Error Handling Callbacks,Standards Track,
0581,Mariatta Wijaya <mariatta at python.org>,,20-Jun-2018,2018-06-20 00:00:00,#pep581 stream in Zulip,,581,7-Mar-2019,,,,,,Draft,,Using GitHub Issues for CPython,Process,
0506,Steven D'Aprano <steve at pearwood.info>,,19-Sep-2015,2015-09-19 00:00:00,,,506,,3.6,,,,,Final,,Adding A Secrets Module To The Standard Library,Standards Track,
0358,"Neil Schemenauer <nas at arctrix.com>, Guido van Rossum <guido at python.org>",,15-Feb-2006,2006-02-15 00:00:00,,,358,,"2.6, 3.0",,,,,Final,,"The ""bytes"" Object",Standards Track,
0360,Brett Cannon <brett at python.org>,,30-May-2006,2006-05-30 00:00:00,,,360,,,,,,,Final,,Externally Maintained Packages,Process,
0583,Jeffrey Yasskin <jyasskin at google.com>,,22-Mar-2008,2008-03-22 00:00:00,,"2007-06-28 125341 -0700 (Thu, 28 Jun 2007)",583,,,,,,,Withdrawn,,A Concurrency Memory Model for Python,Informational,56116
3116,"Daniel Stutzbach <daniel at stutzbachenterprises.com>,
Guido van Rossum <guido at python.org>,
Mike Verdone <mike.verdone at gmail.com>",,26-Feb-2007,2007-02-26 00:00:00,,,3116,26-Feb-2007,3.0,,,,,Final,,New I/O,Standards Track,
0328,Aahz <aahz at pythoncraft.com>,,21-Dec-2003,2003-12-21 00:00:00,,,328,8-Mar-2004,"2.4, 2,5, 2.6",,,,,Final,,Imports Multi-Line and Absolute/Relative,Standards Track,
8001,"Brett Cannon <brett at python.org>,
Christian Heimes <christian at python.org>,
Donald Stufft <donald at stufft.io>,
Eric Snow <ericsnowcurrently at gmail.com>,
Gregory P. Smith <greg at krypto.org>,
Łukasz Langa <lukasz at python.org>
Mariatta Wijaya <mariatta at python.org>,
Nathaniel J. Smith <njs at pobox.com>,
Pablo Galindo Salgado <pablogsal at gmail.com>,
Raymond Hettinger <python at rcn.com>,
Tal Einat <taleinat at gmail.com>,
Tim Peters <tim.peters at gmail.com>,
Zachary Ware <zachary.ware at gmail.com>",,2018-08-24,2018-08-24 00:00:00,,,8001,,,,,,,Accepted,,Python Governance Voting Process,Process,
0329,Raymond Hettinger <python at rcn.com>,,18-Apr-2004,2004-04-18 00:00:00,,,329,18-Apr-2004,2.4,,,,,Rejected,,Treating Builtins as Constants in the Standard Library,Standards Track,
0373,Benjamin Peterson <benjamin at python.org>,,3-Nov-2008,2008-11-03 00:00:00,,,373,,2.7,,,,,Active,,Python 2.7 Release Schedule,Informational,
0230,guido at python.org (Guido van Rossum),,,,,,230,05-Nov-2000,2.1,,,,,Final,,Warning Framework,Standards Track,
0530,Yury Selivanov <yury at magic.io>,,03-Sep-2016,2016-09-03 00:00:00,<python-dev at python.org>,,530,03-Sep-2016,3.6,,,,,Final,,Asynchronous Comprehensions,Standards Track,
0510,Victor Stinner <vstinner at redhat.com>,,4-January-2016,2016-01-04 00:00:00,,,510,,3.6,,,,,Rejected,,Specialize functions with guards,Standards Track,
0445,Victor Stinner <vstinner at redhat.com>,Antoine Pitrou <solipsis at pitrou.net>,15-Jun-2013,2013-06-15 00:00:00,,,445,,3.4,,,https//mail.python.org/pipermail/python-dev/2013-July/127222.html,,Final,,Add new APIs to customize Python memory allocators,Standards Track,
8013,Steve Dower <steve.dower at python.org>,,2018-09-14,2018-09-14 00:00:00,,,8013,,,,,,,Rejected,,The External Council Governance Model,Informational,
0465,Nathaniel J. Smith <njs at pobox.com>,,20-Feb-2014,2014-02-20 00:00:00,,,465,13-Mar-2014,3.5,,,,,Final,,A dedicated infix operator for matrix multiplication,Standards Track,
3119,"Guido van Rossum <guido at python.org>, Talin <viridia at gmail.com>",,18-Apr-2007,2007-04-18 00:00:00,,,3119,"26-Apr-2007, 11-May-2007",,,,,,Final,,Introducing Abstract Base Classes,Standards Track,
0277,neilh at scintilla.org (Neil Hodgson),,11-Jan-2002,2002-01-11 00:00:00,,,277,,2.3,,,,,Final,,Unicode file name support for Windows NT,Standards Track,
0454,Victor Stinner <vstinner at redhat.com>,Charles-François Natali <cf.natali at gmail.com>,3-September-2013,2013-09-03 00:00:00,,,454,,3.4,,,https//mail.python.org/pipermail/python-dev/2013-November/130491.html,,Final,,Add a new tracemalloc module to trace Python memory allocations,Standards Track,
0372,"Armin Ronacher <armin.ronacher at active-4.com>
Raymond Hettinger <python at rcn.com>",,15-Jun-2008,2008-06-15 00:00:00,,,372,,"2.7, 3.1",,,,,Final,,Adding an ordered dictionary to collections,Standards Track,
0430,Nick Coghlan <ncoghlan at gmail.com>,Georg Brandl,27-Oct-2012,2012-10-27 00:00:00,,,430,,,,,,,Final,,Migrating to Python 3 as the default online documentation,Informational,
0220,gmcm at hypernet.com (Gordon McMillan),,14-Aug-2000,2000-08-14 00:00:00,,,220,,,,,,,Rejected,,"Coroutines, Generators, Continuations",Informational,
0499,"Cameron Simpson <cs at cskk.id.au>, Chris Angelico <rosuav at gmail.com>, Joseph Jevnik <joejev at gmail.com>",Nick Coghlan,07-Aug-2015,2015-08-07 00:00:00,,,499,,3.8,,,,,Draft,,python -m foo should bind sys.modules['foo'] in addition to sys.modules['__main__'],Standards Track,
3126,"Jim J. Jewett <JimJJewett at gmail.com>,
Raymond Hettinger <python at rcn.com>",,29-Apr-2007,2007-04-29 00:00:00,,,3126,"29-Apr-2007, 30-Apr-2007, 07-May-2007",,,,,,Rejected,,Remove Implicit String Concatenation,Standards Track,
0302,"Just van Rossum <just at letterror.com>,
Paul Moore <p.f.moore at gmail.com>",,19-Dec-2002,2002-12-19 00:00:00,,,302,19-Dec-2002,2.3,,,,,Final,,New Import Hooks,Standards Track,
0459,Nick Coghlan <ncoghlan at gmail.com>,Nick Coghlan <ncoghlan at gmail.com>,11 Nov 2013,2013-11-11 00:00:00,Distutils SIG <distutils-sig at python.org>,,459,21 Dec 2013,,,426,,,Withdrawn,,Standard Metadata Extensions for Python Software Packages,Standards Track,
0538,Nick Coghlan <ncoghlan at gmail.com>,INADA Naoki,28-Dec-2016,2016-12-28 00:00:00,,,538,"03-Jan-2017 (linux-sig),
07-Jan-2017 (python-ideas),
05-Mar-2017 (python-dev),
09-May-2017 (python-dev)",3.7,,,https//mail.python.org/pipermail/python-dev/2017-May/148035.html,,Final,,Coercing the legacy C locale to a UTF-8 based locale,Standards Track,
0324,Peter Astrand <astrand at lysator.liu.se>,,19-Nov-2003,2003-11-19 00:00:00,,,324,,2.4,,,,,Final,,subprocess - New process module,Standards Track,
0571,"Mark  Williams <mrw at enotuniq.org>,
Geoffrey Thomas <geofft at ldpreload.com>,
Thomas Kluyver <thomas at kluyver.me.uk>",Nick Coghlan <ncoghlan at gmail.com>,,,Distutils SIG <distutils-sig at python.org>,,571,,,,,https//mail.python.org/pipermail/distutils-sig/2018-April/032156.html,,Active,,The manylinux2010 Platform Tag,Informational,
0008,"Guido van Rossum <guido at python.org>,
Barry Warsaw <barry at python.org>,
Nick Coghlan <ncoghlan at gmail.com>",,05-Jul-2001,2001-07-05 00:00:00,,,8,"05-Jul-2001, 01-Aug-2013",,,,,,Active,,Style Guide for Python Code,Process,
0290,Raymond Hettinger <python at rcn.com>,,6-Jun-2002,2002-06-06 00:00:00,,,290,,,,,,,Active,,Code Migration and Modernization,Informational,
0562,Ivan Levkivskyi <levkivskyi at gmail.com>,,09-Sep-2017,2017-09-09 00:00:00,,,562,09-Sep-2017,3.7,,,https//mail.python.org/pipermail/python-dev/2017-December/151033.html,,Final,,Module __getattr__ and __dir__,Standards Track,
0384,Martin v. Löwis <martin at v.loewis.de>,,17-May-2009,2009-05-17 00:00:00,,,384,,3.2,,,,,Final,,Defining a Stable ABI,Standards Track,
0301,Richard Jones <richard at python.org>,,24-Oct-2002,2002-10-24 00:00:00,,,301,8-Nov-2002,2.3,,,,,Final,,Package Index and Metadata for Distutils,Standards Track,
0441,"Daniel Holth <dholth at gmail.com>,
Paul Moore <p.f.moore at gmail.com>",,30 March 2013,2013-03-30 00:00:00,https//mail.python.org/pipermail/python-dev/2015-February/138277.html,,441,"30 March 2013, 1 April 2013, 16 February 2015",,,,https//mail.python.org/pipermail/python-dev/2015-February/138578.html,,Final,,Improving Python ZIP Application Support,Standards Track,
3144,Peter Moody <pmoody at google.com>,Nick Coghlan,6-Feb-2012,2012-02-06 00:00:00,<ipaddr-py-dev at googlegroups.com>,,3144,,3.3,,,https//mail.python.org/pipermail/python-dev/2012-May/119474.html,,Final,,IP Address Manipulation Library for the Python Standard Library,Standards Track,
0503,Donald Stufft <donald at stufft.io>,Donald Stufft <donald at stufft.io>,04-Sep-2015,2015-09-04 00:00:00,distutils-sig at python.org,,503,04-Sep-2015,,,,https//mail.python.org/pipermail/distutils-sig/2015-September/026899.html,,Accepted,,Simple Repository API,Informational,
0370,Christian Heimes <christian at python.org>,,11-Jan-2008,2008-01-11 00:00:00,,,370,,"2.6, 3.0",,,,,Final,,Per user site-packages directory,Standards Track,
0266,skip at pobox.com (Skip Montanaro),,13-Aug-2001,2001-08-13 00:00:00,,,266,,2.3,,,,,Withdrawn,,Optimizing Global Variable/Attribute Access,Standards Track,
0467,"Nick Coghlan <ncoghlan at gmail.com>, Ethan Furman <ethan at stoneleaf.us>",,2014-03-30,2014-03-30 00:00:00,,,467,2014-03-30 2014-08-15 2014-08-16 2016-06-07 2016-09-01,3.8,,,,,Draft,,Minor API improvements for binary sequences,Standards Track,
3129,Collin Winter <collinwinter at google.com>,,1-May-2007,2007-05-01 00:00:00,,,3129,7-May-2007,3.0,,,,,Final,,Class Decorators,Standards Track,
0391,Vinay Sajip <vinay_sajip at red-dove.com>,,15-Oct-2009,2009-10-15 00:00:00,,,391,,"2.7, 3.2",,,,,Final,,Dictionary-Based Configuration For Logging,Standards Track,
0496,James Polley <jp at jamezpolley.com>,Nick Coghlan <ncoghlan at gmail.com>,03-Jul-2015,2015-07-03 00:00:00,,,496,,,,,,,Rejected,,Environment Markers,Informational,
0012,"David Goodger <goodger at python.org>,
Barry Warsaw <barry at python.org>",,05-Aug-2002,2002-08-05 00:00:00,,,12,30-Aug-2002,,,,,,Active,,Sample reStructuredText PEP Template,Process,
0369,Christian Heimes <christian at python.org>,,02-Jan-2008,2008-01-02 00:00:00,,,369,02-Dec-2012,"2.6, 3.0",,,,,Withdrawn,,Post import hooks,Standards Track,
0500,"Alexander Belopolsky <alexander.belopolsky at gmail.com>, Tim Peters <tim.peters at gmail.com>",,08-Aug-2015,2015-08-08 00:00:00,Datetime-SIG <datetime-sig at python.org>,,500,,,,495,https//mail.python.org/pipermail/datetime-sig/2015-August/000354.html,,Rejected,,"A protocol for delegating datetime methods to their
tzinfo implementations",Standards Track,
0490,Victor Stinner <vstinner at redhat.com>,,25-March-2015,2015-03-25 00:00:00,,,490,,3.6,,,,,Rejected,,Chain exceptions at C level,Standards Track,
0281,magnus at hetland.org (Magnus Lie Hetland),,11-Feb-2002,2002-02-11 00:00:00,,,281,,2.3,,,,,Rejected,,Loop Counter Iteration with range and xrange,Standards Track,
0376,Tarek Ziadé <tarek at ziade.org>,,22-Feb-2009,2009-02-22 00:00:00,,,376,,"2.7, 3.2",,,,,Final,,Database of Installed Python Distributions,Standards Track,
0272,A.M. Kuchling <amk at amk.ca>,,18-Sep-2001,2001-09-18 00:00:00,,,272,"17-Apr-2002, 29-May-2002",,,,,,Final,,API for Block Encryption Algorithms v1.0,Informational,
0450,Steven D'Aprano <steve at pearwood.info>,,01-Aug-2013,2013-08-01 00:00:00,,,450,13-Sep-2013,3.4,,,,,Final,,Adding A Statistics Module To The Standard Library,Standards Track,
0103,Oleg Broytman <phd at phdru.name>,,01-Jun-2015,2015-06-01 00:00:00,,,103,12-Sep-2015,,,,,,Withdrawn,,Collecting information about git,Informational,
3146,"Collin Winter <collinwinter at google.com>,
Jeffrey Yasskin <jyasskin at google.com>,
Reid Kleckner <rnk at mit.edu>",,1-Jan-2010,2010-01-01 00:00:00,,,3146,,3.3,,,,,Withdrawn,,Merging Unladen Swallow into CPython,Standards Track,
0587,"Nick Coghlan <ncoghlan at gmail.com>, Victor Stinner <vstinner at redhat.com>",,27-Mar-2019,2019-03-27 00:00:00,python-dev at python.org,,587,,3.8,,,,,Draft,,Python Initialization Configuration,Standards Track,
0249,mal at lemburg.com (Marc-André Lemburg),,,,db-sig at python.org,,249,,,248,,,,Final,,Python Database API Specification v2.0,Informational,
0408,"Nick Coghlan <ncoghlan at gmail.com>,
Eli Bendersky <eliben at gmail.com>",,2012-01-07,2012-01-07 00:00:00,,,408,2012-01-27,3.3,,,https//mail.python.org/pipermail/python-dev/2012-January/115962.html,,Rejected,,Standard library __preview__ package,Standards Track,
0020,tim.peters at gmail.com (Tim Peters),,19-Aug-2004,2004-08-19 00:00:00,,,20,22-Aug-2004,,,,,,Active,,The Zen of Python,Informational,
0533,Nathaniel J. Smith,,18-Oct-2016,2016-10-18 00:00:00,,,533,18-Oct-2016,,,,,,Draft,,Deterministic cleanup for iterators,Standards Track,
0260,guido at python.org (Guido van Rossum),,26-Jun-2001,2001-06-26 00:00:00,,,260,26-Jun-2001,2.2,,,,,Final,,Simplify xrange(),Standards Track,
0469,Nick Coghlan <ncoghlan at gmail.com>,,2014-04-18,2014-04-18 00:00:00,,,469,"2014-04-18, 2014-04-21",3.5,,,,,Withdrawn,,Migration of dict iteration code to Python 3,Standards Track,
0545,"Julien Palard <julien at palard.fr>
Inada Naoki <songofacandy at gmail.com>,
Victor Stinner <vstinner at redhat.com>,",,04-Mar-2017,2017-03-04 00:00:00,,,545,,,,,https//mail.python.org/pipermail/python-dev/2017-May/147957.html,,Final,,Python Documentation Translations,Process,
0321,A.M. Kuchling <amk at amk.ca>,,16-Sep-2003,2003-09-16 00:00:00,,,321,,2.4,,,,,Withdrawn,,Date/Time Parsing and Formatting,Standards Track,
0339,Brett Cannon <brett at python.org>,,02-Feb-2005,2005-02-02 00:00:00,,,339,,,,,,,Withdrawn,,Design of the CPython Compiler,Informational,
0434,"Todd Rovito <rovitotv at gmail.com>,
Terry Reedy <tjreedy at udel.edu>",Nick Coghlan,16-Feb-2013,2013-02-16 00:00:00,,,434,"16-Feb-2013
03-Mar-2013
21-Mar-2013
30-Mar-2013",,,,https//mail.python.org/pipermail/python-dev/2013-March/125003.html,,Active,,IDLE Enhancement Exception for All Branches,Informational,
0237,"Moshe Zadka, Guido van Rossum",,11-Mar-2001,2001-03-11 00:00:00,,,237,"16-Mar-2001, 14-Aug-2001, 23-Aug-2001",2.2,,,,,Final,,Unifying Long Integers and Integers,Standards Track,
0203,thomas at python.org (Thomas Wouters),,13-Jul-2000,2000-07-13 00:00:00,,,203,14-Aug-2000,2.0,,,,,Final,,Augmented Assignments,Standards Track,
0221,thomas at python.org (Thomas Wouters),,15-Aug-2000,2000-08-15 00:00:00,,,221,,2.0,,,,,Final,,Import As,Standards Track,
0326,"Josiah Carlson <jcarlson at uci.edu>,
Terry Reedy <tjreedy at udel.edu>",,20-Dec-2003,2003-12-20 00:00:00,,,326,"20-Dec-2003, 03-Jan-2004, 05-Jan-2004, 07-Jan-2004,
21-Feb-2004",2.4,,,,,Rejected,,A Case for Top and Bottom Values,Standards Track,
0524,Victor Stinner <vstinner at redhat.com>,,20-June-2016,2016-06-20 00:00:00,,,524,,3.6,,,,,Final,,Make os.urandom() blocking on Linux,Standards Track,
0456,Christian Heimes <christian at python.org>,Nick Coghlan,27-Sep-2013,2013-09-27 00:00:00,,,456,"06-Oct-2013, 14-Nov-2013, 20-Nov-2013",3.4,,,https//mail.python.org/pipermail/python-dev/2013-November/130400.html,,Final,,Secure and interchangeable hash algorithm,Standards Track,
0535,Nick Coghlan <ncoghlan at gmail.com>,,12-Nov-2016,2016-11-12 00:00:00,,,535,,3.8,,532,,,Deferred,,Rich comparison chaining,Standards Track,
3117,Georg Brandl <georg at python.org>,,01-Apr-2007,2007-04-01 00:00:00,,,3117,,3.0,,,,,Rejected,,Postfix type declarations,Standards Track,
0295,yozh at mx1.ru (Stepan Koltsov),,22-Jul-2002,2002-07-22 00:00:00,,,295,,3.0,,,,,Rejected,,Interpretation of multiline string constants,Standards Track,
0498,Eric V. Smith <eric at trueblade.com>,,01-Aug-2015,2015-08-01 00:00:00,,,498,"07-Aug-2015, 30-Aug-2015, 04-Sep-2015, 19-Sep-2015, 06-Nov-2016",3.6,,,https//mail.python.org/pipermail/python-dev/2015-September/141526.html,,Final,,Literal String Interpolation,Standards Track,
8012,Łukasz Langa <lukasz at python.org>,,2018-10-03,2018-10-03 00:00:00,,,8012,,,,,,,Rejected,,The Community Governance Model,Informational,
3149,Barry Warsaw <barry at python.org>,,2010-07-09,2010-07-09 00:00:00,,,3149,"2010-07-14, 2010-07-22",3.2,,,https//mail.python.org/pipermail/python-dev/2010-September/103408.html,,Final,,ABI version tagged .so files,Standards Track,
0306,"Michael Hudson <mwh at python.net>, Jack Diederich <jackdied at gmail.com>, Nick Coghlan <ncoghlan at gmail.com>, Benjamin Peterson <benjamin at python.org>",,29-Jan-2003,2003-01-29 00:00:00,,,306,30-Jan-2003,,,,,,Withdrawn,,How to Change Python's Grammar,Informational,
3113,Brett Cannon <brett at python.org>,,02-Mar-2007,2007-03-02 00:00:00,,,3113,,3.0,,,,,Final,,Removal of Tuple Parameter Unpacking,Standards Track,
8015,Victor Stinner,,2018-10-04,2018-10-04 00:00:00,,,8015,,,,,,,Rejected,,Organization of the Python community,Informational,
0010,barry at python.org (Barry Warsaw),,07-Mar-2002,2002-03-07 00:00:00,,,10,07-Mar-2002,,,,,,Active,,Voting Guidelines,Process,
0484,"Guido van Rossum <guido at python.org>, Jukka Lehtosalo <jukka.lehtosalo at iki.fi>, Łukasz Langa <lukasz at python.org>",Mark Shannon,29-Sep-2014,2014-09-29 00:00:00,Python-Dev <python-dev at python.org>,,484,"16-Jan-2015,20-Mar-2015,17-Apr-2015,20-May-2015,22-May-2015",3.5,,,https//mail.python.org/pipermail/python-dev/2015-May/140104.html,,Provisional,,Type Hints,Standards Track,
0558,Nick Coghlan <ncoghlan at gmail.com>,,2017-09-08,2017-09-08 00:00:00,,,558,2017-09-08,3.7,,,,,Draft,,Defined semantics for locals(),Standards Track,
0481,Donald Stufft <donald at stufft.io>,,29-Nov-2014,2014-11-29 00:00:00,,,481,29-Nov-2014,,,,,,Withdrawn,,"Migrate CPython to Git, Github, and Phabricator",Process,
0589,Jukka Lehtosalo <jukka.lehtosalo at iki.fi>,,20-Mar-2019,2019-03-20 00:00:00,typing-sig at python.org,,589,,3.8,,,,Guido van Rossum <guido at python.org>,Draft,,TypedDict Type Hints for Dictionaries with a Fixed Set of Keys,Standards Track,
0338,Nick Coghlan <ncoghlan at gmail.com>,,16-Oct-2004,2004-10-16 00:00:00,,,338,"8-Nov-2004, 11-Feb-2006, 12-Feb-2006, 18-Feb-2006",2.5,,,,,Final,,Executing modules as scripts,Standards Track,
0552,Benjamin Peterson <benjamin at python.org>,,2017-09-04,2017-09-04 00:00:00,,,552,2017-09-07,3.7,,,https//mail.python.org/pipermail/python-dev/2017-September/149649.html,,Final,,Deterministic pycs,Standards Track,
0366,Nick Coghlan <ncoghlan at gmail.com>,,1-May-2007,2007-05-01 00:00:00,,,366,"1-May-2007, 4-Jul-2007, 7-Jul-2007, 23-Nov-2007","2.6, 3.0",,,,,Final,,Main module explicit relative imports,Standards Track,
0542,Markus Meskanen <markusmeskanen at gmail.com>,,10-February-2017,2017-02-10 00:00:00,,,542,,,,,https//mail.python.org/pipermail/python-dev/2019-March/156695.html,,Rejected,,Dot Notation Assignment In Function Header,Standards Track,
0457,Larry Hastings <larry at hastings.org>,,08-Oct-2013,2013-10-08 00:00:00,Python-Dev <python-dev at python.org>,,457,,,,,,,Draft,,Syntax For Positional-Only Parameters,Informational,
3114,Ka-Ping Yee <ping at zesty.ca>,,04-Mar-2007,2007-03-04 00:00:00,,,3114,,3.0,,,,,Final,,Renaming iterator.next() to iterator.__next__(),Standards Track,
0532,"Nick Coghlan <ncoghlan at gmail.com>,
Mark E. Haase <mehaase at gmail.com>",,30-Oct-2016,2016-10-30 00:00:00,,,532,5-Nov-2016,3.8,,,,,Deferred,,A circuit breaking protocol and binary operators,Standards Track,
0470,Donald Stufft <donald at stufft.io>,Paul Moore <p.f.moore at gmail.com>,12-May-2014,2014-05-12 00:00:00,distutils-sig at python.org,,470,"14-May-2014, 05-Jun-2014, 03-Oct-2014, 13-Oct-2014, 26-Aug-2015",,438,,https//mail.python.org/pipermail/distutils-sig/2015-September/026789.html,,Final,,Removing External Hosting Support on PyPI,Process,
0314,"A.M. Kuchling, Richard Jones",,12-Apr-2003,2003-04-12 00:00:00,,,314,29-Apr-2003,2.5,241,,,,Final,,Metadata for Python Software Packages v1.1,Standards Track,
0312,"Roman Suzi <rnd at onego.ru>, Alex Martelli <aleaxit at gmail.com>",,11-Feb-2003,2003-02-11 00:00:00,,,312,,2.4,,,,,Deferred,,Simple Implicit Lambda,Standards Track,
0315,"Raymond Hettinger <python at rcn.com>, W Isaac Carroll <icarroll at pobox.com>",,25-Apr-2003,2003-04-25 00:00:00,,,315,,2.5,,,,,Rejected,,Enhanced While Loop,Standards Track,
3118,"Travis Oliphant <oliphant at ee.byu.edu>, Carl Banks <pythondev at aerojockey.com>",,28-Aug-2006,2006-08-28 00:00:00,,,3118,,3000,,,,,Final,,Revising the buffer protocol,Standards Track,
0337,Michael P. Dubner <dubnerm at mindless.com>,,02-Oct-2004,2004-10-02 00:00:00,,,337,10-Nov-2004,2.5,,,,,Deferred,,Logging Usage in the Standard Library,Standards Track,
0333,Phillip J. Eby <pje at telecommunity.com>,,07-Dec-2003,2003-12-07 00:00:00,Python Web-SIG <web-sig at python.org>,,333,"07-Dec-2003, 08-Aug-2004, 20-Aug-2004, 27-Aug-2004, 27-Sep-2010",,,,,,Final,3333,Python Web Server Gateway Interface v1.0,Informational,
0363,Ben North <ben at redfrontdoor.org>,,29-Jan-2007,2007-01-29 00:00:00,,,363,12-Feb-2007,,,,,,Rejected,,Syntax For Dynamic Attribute Access,Standards Track,
3108,Brett Cannon <brett at python.org>,,01-Jan-2007,2007-01-01 00:00:00,,,3108,28-Apr-2008,3.0,,,,,Final,,Standard Library Reorganization,Standards Track,
0317,Steven Taschuk <staschuk at telusplanet.net>,,06-May-2003,2003-05-06 00:00:00,,,317,09-Jun-2003,2.4,,,,,Rejected,,Eliminate Implicit Exception Instantiation,Standards Track,
0003,jeremy at alum.mit.edu (Jeremy Hylton),,25-Sep-2000,2000-09-25 00:00:00,,,3,,,,,,,Withdrawn,,Guidelines for Handling Bug Reports,Process,
0257,"David Goodger <goodger at python.org>,
Guido van Rossum <guido at python.org>",,29-May-2001,2001-05-29 00:00:00,doc-sig at python.org,,257,13-Jun-2001,,,,,,Active,,Docstring Conventions,Informational,
3130,Jim J. Jewett <jimjjewett at gmail.com>,,22-Apr-2007,2007-04-22 00:00:00,,,3130,22-Apr-2007,3.0,,,,,Rejected,,Access to Current Module/Class/Function,Standards Track,
0298,Thomas Heller <theller at python.net>,,26-Jul-2002,2002-07-26 00:00:00,,,298,"30-Jul-2002, 1-Aug-2002",2.3,,,,,Withdrawn,,The Locked Buffer Interface,Standards Track,
0343,"Guido van Rossum, Nick Coghlan",,13-May-2005,2005-05-13 00:00:00,,,343,"2-Jun-2005, 16-Oct-2005, 29-Oct-2005, 23-Apr-2006, 1-May-2006, 30-Jul-2006",2.5,,,,,Final,,"The ""with"" Statement",Standards Track,
3121,Martin von Löwis <martin at v.loewis.de>,,27-Apr-2007,2007-04-27 00:00:00,,,3121,,3.0,,,,,Accepted,,Extension Module Initialization and Finalization,Standards Track,
0275,mal at lemburg.com (Marc-André Lemburg),,10-Nov-2001,2001-11-10 00:00:00,,,275,,2.6,,,,,Rejected,,Switching on Multiple Values,Standards Track,
0318,"Kevin D. Smith <Kevin.Smith at theMorgue.org>, Jim J. Jewett, Skip Montanaro, Anthony Baxter",,05-Jun-2003,2003-06-05 00:00:00,,,318,"09-Jun-2003, 10-Jun-2003, 27-Feb-2004, 23-Mar-2004, 30-Aug-2004,
2-Sep-2004",2.4,,,,,Final,,Decorators for Functions and Methods,Standards Track,
0357,Travis Oliphant <oliphant at ee.byu.edu>,,09-Feb-2006,2006-02-09 00:00:00,,,357,,2.5,,,,,Final,,Allowing Any Object to be Used for Slicing,Standards Track,
0406,"Nick Coghlan <ncoghlan at gmail.com>, Greg Slodkowicz <jergosh at gmail.com>",,4-Jul-2011,2011-07-04 00:00:00,,,406,"31-Jul-2011, 13-Nov-2011, 4-Dec-2011",3.4,,,,,Withdrawn,,Improved Encapsulation of Import State,Standards Track,
0355,Björn Lindqvist <bjourne at gmail.com>,,24-Jan-2006,2006-01-24 00:00:00,,,355,,2.5,,,,,Rejected,,Path - Object oriented filesystem paths,Standards Track,
0502,Mike G. Miller,,10-Aug-2015,2015-08-10 00:00:00,,,502,,3.6,,,,,Rejected,,String Interpolation - Extended Discussion,Informational,
0402,P.J. Eby,,12-Jul-2011,2011-07-12 00:00:00,,,402,20-Jul-2011,3.3,382,,,,Rejected,,Simplified Package Layout and Partitioning,Standards Track,
0353,Martin von Löwis <martin at v.loewis.de>,,18-Dec-2005,2005-12-18 00:00:00,,,353,,,,,,,Final,,Using ssize_t as the index type,Standards Track,
0567,Yury Selivanov <yury at magic.io>,,12-Dec-2017,2017-12-12 00:00:00,,,567,"12-Dec-2017, 28-Dec-2017, 16-Jan-2018",3.7,,,,,Final,,Context Variables,Standards Track,
0536,Philipp Angerer <phil.angerer at gmail.com>,,11-Dec-2016,2016-12-11 00:00:00,,,536,12-Dec-2016,3.7,,,,,Deferred,,Final Grammar for Literal String Interpolation,Standards Track,
3128,Daniel Stutzbach <daniel at stutzbachenterprises.com>,,30-Apr-2007,2007-04-30 00:00:00,Python 3000 List <python-3000 at python.org>,,3128,30-Apr-2007,2.6 and/or 3.0,,,,,Rejected,,BList A Faster List-like Type,Standards Track,
0412,Mark Shannon <mark at hotpy.org>,,08-Feb-2012,2012-02-08 00:00:00,,,412,08-Feb-2012,3.3 or 3.4,,,,,Final,,Key-Sharing Dictionary,Standards Track,
0253,guido at python.org (Guido van Rossum),,14-May-2001,2001-05-14 00:00:00,,,253,,2.2,,,,,Final,,Subtyping Built-in Types,Standards Track,
0415,Benjamin Peterson <benjamin at python.org>,Nick Coghlan,26-Feb-2012,2012-02-26 00:00:00,,,415,26-Feb-2012,3.3,409,,https//mail.python.org/pipermail/python-dev/2012-May/119467.html,,Final,,Implement context suppression with exception attributes,Standards Track,
0584,Steven D'Aprano <steve at pearwood.info>,,01-Mar-2019,2019-03-01 00:00:00,,,584,,,,,,,Draft,,Add + and - operators to the built-in dict class.,Standards Track,
0327,Facundo Batista <facundo at taniquetil.com.ar>,,17-Oct-2003,2003-10-17 00:00:00,,,327,"30-Nov-2003, 02-Jan-2004, 29-Jan-2004",2.4,,,,,Final,,Decimal Data Type,Standards Track,
0212,nowonder at nowonder.de (Peter Schneider-Kamp),,22-Aug-2000,2000-08-22 00:00:00,,,212,,2.1,,,,,Rejected,,Loop Counter Iteration,Standards Track,
0239,"Christopher A. Craig <python-pep at ccraig.org>, Moshe Zadka <moshez at zadka.site.co.il>",,11-Mar-2001,2001-03-11 00:00:00,,,239,16-Mar-2001,2.2,,,,,Rejected,,Adding a Rational Type to Python,Standards Track,
0310,"Michael Hudson <mwh at python.net>,
Paul Moore <p.f.moore at gmail.com>",,18-Dec-2002,2002-12-18 00:00:00,,,310,,2.4,,,,,Rejected,,Reliable Acquisition/Release Pairs,Standards Track,
3105,Georg Brandl <georg at python.org>,,19-Nov-2006,2006-11-19 00:00:00,,,3105,,3.0,,,,,Final,,Make print a function,Standards Track,
0458,"Trishank Karthik Kuppusamy <trishank at nyu.edu>,
Vladimir Diaz <vladimir.diaz at nyu.edu>,
Donald Stufft <donald at stufft.io>, Justin Cappos <jcappos at nyu.edu>",Richard Jones <r1chardj0n3s at gmail.com>,27-Sep-2013,2013-09-27 00:00:00,DistUtils mailing list <distutils-sig at python.org>,,458,,,,,,,Deferred,,Surviving a Compromise of PyPI,Standards Track,
0585,Łukasz Langa <lukasz at python.org>,,03-Mar-2019,2019-03-03 00:00:00,Python-Dev <python-dev at python.org>,,585,,3.8,,,,,Draft,,Type Hinting Usability Conventions,Standards Track,
0351,Barry Warsaw <barry at python.org>,,14-Apr-2005,2005-04-14 00:00:00,,,351,,,,,,,Rejected,,The freeze protocol,Standards Track,2.5
0379,Jervis Whitley <jervisau at gmail.com>,,14-Mar-2009,2009-03-14 00:00:00,,,379,,"2.7, 3.2",,,,,Withdrawn,,Adding an Assignment Expression,Standards Track,
0330,Michel Pelletier <michel at users.sourceforge.net>,,17-Jun-2004,2004-06-17 00:00:00,,,330,,2.6?,,,,,Rejected,,Python Bytecode Verification,Standards Track,
0006,"aahz at pythoncraft.com (Aahz), anthony at interlink.com.au (Anthony Baxter)",,15-Mar-2001,2001-03-15 00:00:00,,,6,15-Mar-2001 18-Apr-2001 19-Aug-2004,,,,,,Active,,Bug Fix Releases,Process,
0564,Victor Stinner <vstinner at redhat.com>,,16-October-2017,2017-10-16 00:00:00,,,564,,3.7,,,https//mail.python.org/pipermail/python-dev/2017-October/150046.html,,Final,,Add new time functions with nanosecond resolution,Standards Track,
0240,"Christopher A. Craig <python-pep at ccraig.org>, Moshe Zadka <moshez at zadka.site.co.il>",,11-Mar-2001,2001-03-11 00:00:00,,,240,16-Mar-2001,2.2,,,,,Rejected,,Adding a Rational Literal to Python,Standards Track,
0534,"Tomáš Orsava <tomas.n at orsava.cz>,
Petr Viktorin <encukou at gmail.com>,
Nick Coghlan <ncoghlan at gmail.com>",,5-Sep-2016,2016-09-05 00:00:00,,,534,,3.7,,,,,Draft,,Distributing a Subset of the Standard Library,Standards Track,
0299,Jeff Epler <jepler at unpythonic.net>,,12-Aug-2002,2002-08-12 00:00:00,,,299,29-Mar-2006,2.3,,,,,Rejected,,Special __main__() function in modules,Standards Track,
0385,"Dirkjan Ochtman <dirkjan at ochtman.nl>,
Antoine Pitrou <solipsis at pitrou.net>,
Georg Brandl <georg at python.org>",,25-May-2009,2009-05-25 00:00:00,,,385,,,,,,,Final,,Migrating from Subversion to Mercurial,Process,
0350,Micah Elliott <mde at tracos.org>,,27-Jun-2005,2005-06-27 00:00:00,,,350,"10-Aug-2005, 26-Sep-2005",,,,,,Rejected,,Codetags,Informational,
0224,mal at lemburg.com (Marc-André Lemburg),,23-Aug-2000,2000-08-23 00:00:00,,,224,,2.1,,,,,Rejected,,Attribute Docstrings,Standards Track,
0497,Ed Schofield <ed at pythoncharmers.com>,,04-Aug-2015,2015-08-04 00:00:00,,,497,,,,,,,Draft,,A standard mechanism for backward compatibility,Process,
0356,"Neal Norwitz, Guido van Rossum, Anthony Baxter",,07-Feb-2006,2006-02-07 00:00:00,,,356,,2.5,,,,,Final,,Python 2.5 Release Schedule,Informational,
3122,Brett Cannon,,27-Apr-2007,2007-04-27 00:00:00,,,3122,,,,,,,Rejected,,Delineation of the main module,Standards Track,
8002,"Barry Warsaw <barry at python.org>, Łukasz Langa <lukasz at python.org>,
Antoine Pitrou <solipsis at pitrou.net>, Doug Hellmann <doug at doughellmann.com>,
Carol Willing <willingc at gmail.com>",,2018-08-24,2018-08-24 00:00:00,,,8002,,,,,,,Active,,Open Source Governance Survey,Informational,
3003,"Brett Cannon, Jesse Noller, Guido van Rossum",,21-Oct-2009,2009-10-21 00:00:00,,,3003,03-Nov-2009,,,,,,Final,,Python Language Moratorium,Process,
3152,Gregory Ewing <greg.ewing at canterbury.ac.nz>,,13-Feb-2009,2009-02-13 00:00:00,,,3152,,3.3,,,,,Rejected,,Cofunctions,Standards Track,
3131,Martin von Löwis <martin at v.loewis.de>,,1-May-2007,2007-05-01 00:00:00,,,3131,,3.0,,,,,Final,,Supporting Non-ASCII Identifiers,Standards Track,
0382,Martin v. Löwis <martin at v.loewis.de>,,02-Apr-2009,2009-04-02 00:00:00,,,382,,3.2,,,,,Rejected,,Namespace Packages,Standards Track,
0461,Ethan Furman <ethan at stoneleaf.us>,,2014-01-13,2014-01-13 00:00:00,,,461,"2014-01-14, 2014-01-15, 2014-01-17, 2014-02-22, 2014-03-25,
2014-03-27",3.5,,,https//mail.python.org/pipermail/python-dev/2014-March/133621.html,,Final,,Adding % formatting to bytes and bytearray,Standards Track,
0241,A.M. Kuchling <amk at amk.ca>,,12-Mar-2001,2001-03-12 00:00:00,,,241,19-Mar-2001,,,,,,Final,,Metadata for Python Software Packages,Standards Track,
3138,Atsuo Ishimoto <ishimoto--at--gembook.org>,,05-May-2008,2008-05-05 00:00:00,,,3138,"05-May-2008, 05-Jun-2008",,,,,,Final,,String representation in Python 3000,Standards Track,
0274,Barry Warsaw <barry at python.org>,,25-Oct-2001,2001-10-25 00:00:00,,,274,29-Oct-2001,"2.7, 3.0 (originally 2.3)",,,,,Final,,Dict Comprehensions,Standards Track,
0101,"Barry Warsaw <barry at python.org>, Guido van Rossum <guido at python.org>",,22-Aug-2001,2001-08-22 00:00:00,,,101,,,102,,,,Active,,Doing Python Releases 101,Informational,
3102,Talin <viridia at gmail.com>,,22-Apr-2006,2006-04-22 00:00:00,,,3102,"28-Apr-2006, May-19-2006",3.0,,,,,Final,,Keyword-Only Arguments,Standards Track,
0242,paul at pfdubois.com (Paul F. Dubois),,17-Mar-2001,2001-03-17 00:00:00,,,242,17-Apr-2001,2.2,,,,,Rejected,,Numeric Kinds,Standards Track,
0367,"Calvin Spealman <ironfroggy at gmail.com>,
Tim Delaney <timothy.c.delaney at gmail.com>",,28-Apr-2007,2007-04-28 00:00:00,,,367,"28-Apr-2007, 29-Apr-2007 (1), 29-Apr-2007 (2), 14-May-2007",2.6,,,,,Superseded,,New Super,Standards Track,
0431,Lennart Regebro <regebro at gmail.com>,Barry Warsaw <barry at python.org>,11-Dec-2012,2012-12-11 00:00:00,,,431,"11-Dec-2012, 28-Dec-2012, 28-Jan-2013",,,,,,Withdrawn,,Time zone support improvements,Standards Track,
0102,"anthony at interlink.com.au (Anthony Baxter),
barry at python.org (Barry Warsaw),
guido at python.org (Guido van Rossum)",,22-Aug-2001 (edited down on 9-Jan-2002 to become PEP 102),2001-08-22 00:00:00,,,102,,,,,,,Superseded,101,Doing Python Micro Releases,Informational,
0271,fred at arakne.com (Frédéric B. Giacometti),,15-Aug-2001,2001-08-15 00:00:00,,,271,,2.2,,,,,Rejected,,Prefixing sys.path by command line option,Standards Track,
0493,"Nick Coghlan <ncoghlan at gmail.com>,
Robert Kuska <rkuska at redhat.com>,
Marc-André Lemburg <mal at lemburg.com>",Barry Warsaw,10-May-2015,2015-05-10 00:00:00,,,493,"06-Jul-2015, 11-Nov-2015, 24-Nov-2015, 24-Feb-2016",2.7.12,,,https//mail.python.org/pipermail/python-dev/2016-March/143450.html,,Final,,HTTPS verification migration tools for Python 2.7,Standards Track,
3333,P.J. Eby <pje at telecommunity.com>,,26-Sep-2010,2010-09-26 00:00:00,Python Web-SIG <web-sig at python.org>,,3333,"26-Sep-2010, 04-Oct-2010",,333,,,,Final,,Python Web Server Gateway Interface v1.0.1,Informational,
0550,"Yury Selivanov <yury at magic.io>,
Elvis Pranskevichus <elvis at magic.io>",,11-Aug-2017,2017-08-11 00:00:00,,,550,"11-Aug-2017, 15-Aug-2017, 18-Aug-2017, 25-Aug-2017,
01-Sep-2017",3.7,,,,,Withdrawn,,Execution Context,Standards Track,
0200,Jeremy Hylton <jeremy at alum.mit.edu>,,,,,,200,,2.0,,,,,Final,,Python 2.0 Release Schedule,Informational,
0007,"Guido van Rossum <guido at python.org>, Barry Warsaw <barry at python.org>",,05-Jul-2001,2001-07-05 00:00:00,,,7,,,,,,,Active,,Style Guide for C Code,Process,
0377,Nick Coghlan <ncoghlan at gmail.com>,,8-Mar-2009,2009-03-08 00:00:00,,,377,8-Mar-2009,"2.7, 3.1",,,,,Rejected,,Allow __enter__() methods to skip the statement body,Standards Track,
3153,Laurens Van Houtven <_ at lvh.cc>,,29-May-2011,2011-05-29 00:00:00,,,3153,TBD,,,,,,Superseded,3156,Asynchronous IO support,Standards Track,
0229,A.M. Kuchling <amk at amk.ca>,,16-Nov-2000,2000-11-16 00:00:00,,,229,,,,,,,Final,,Using Distutils to Build Python,Standards Track,
0352,"Brett Cannon, Guido van Rossum",,27-Oct-2005,2005-10-27 00:00:00,,,352,,,,,,,Final,,Required Superclass for Exceptions,Standards Track,
0042,Jeremy Hylton <jeremy at alum.mit.edu>,,12-Sep-2000,2000-09-12 00:00:00,,,42,,,,,https//github.com/python/peps/pull/108#issuecomment-249603204,,Rejected,,Feature Requests,Process,
3133,Collin Winter <collinwinter at google.com>,,1-May-2007,2007-05-01 00:00:00,,,3133,13-May-2007,3.0,,3115 3129,,,Rejected,,Introducing Roles,Standards Track,
0334,Clark C. Evans <cce at clarkevans.com>,,26-Aug-2004,2004-08-26 00:00:00,,,334,,3.0,,,,,Withdrawn,,Simple Coroutines via SuspendIteration,Standards Track,
0207,"guido at python.org (Guido van Rossum), DavidA at ActiveState.com (David Ascher)",,,,,,207,,2.1,,,,,Final,,Rich Comparisons,Standards Track,
0435,"Barry Warsaw <barry at python.org>,
Eli Bendersky <eliben at gmail.com>,
Ethan Furman <ethan at stoneleaf.us>",,2013-02-23,2013-02-23 00:00:00,,,435,"2013-02-23, 2013-05-02",3.4,354,,https//mail.python.org/pipermail/python-dev/2013-May/126112.html,,Final,,Adding an Enum type to the Python standard library,Standards Track,
0521,Nathaniel J. Smith <njs at pobox.com>,,27-Apr-2015,2015-04-27 00:00:00,,,521,29-Apr-2015,3.6,,,,,Withdrawn,,Managing global context via 'with' blocks in generators and coroutines,Standards Track,
0233,paul at prescod.net (Paul Prescod),,11-Dec-2000,2000-12-11 00:00:00,,,233,,2.1,,,,,Deferred,,Python Online Help,Standards Track,
3132,Georg Brandl <georg at python.org>,,30-Apr-2007,2007-04-30 00:00:00,,,3132,,3.0,,,,,Final,,Extended Iterable Unpacking,Standards Track,
0444,"Chris McDonough <chrism at plope.com>,
Armin Ronacher <armin.ronacher at active-4.com>",,19-Jul-2010,2010-07-19 00:00:00,Python Web-SIG <web-sig at python.org>,,444,,,,,,,Deferred,,Python Web3 Interface,Informational,
0429,Larry Hastings <larry at hastings.org>,,17-Oct-2012,2012-10-17 00:00:00,,,429,,3.4,,,,,Active,,Python 3.4 Release Schedule,Informational,
8010,Barry Warsaw <barry at python.org>,,2018-08-24,2018-08-24 00:00:00,,,8010,,,,,,,Rejected,,The Technical Leader Governance Model,Informational,
0420,Eric V. Smith <eric at trueblade.com>,,19-Apr-2012,2012-04-19 00:00:00,,,420,,3.3,,,https//mail.python.org/pipermail/python-dev/2012-May/119651.html,,Final,,Implicit Namespace Packages,Standards Track,
0577,Nick Coghlan <ncoghlan at gmail.com>,,14-May-2018,2018-05-14 00:00:00,,,577,22-May-2018,3.8,,,,,Withdrawn,,Augmented Assignment Expressions,Standards Track,
0416,Victor Stinner <vstinner at redhat.com>,,29-February-2012,2012-02-29 00:00:00,,,416,,3.3,,,,,Rejected,,Add a frozendict builtin type,Standards Track,
0452,"A.M. Kuchling <amk at amk.ca>, Christian Heimes <christian at python.org>",,15-Aug-2013,2013-08-15 00:00:00,,,452,,,247,,,,Final,,API for Cryptographic Hash Functions v2.0,Informational,
0320,"Barry Warsaw, Raymond Hettinger, Anthony Baxter",,29-Jul-2003,2003-07-29 00:00:00,,,320,1-Dec-2004,2.4,,,,,Final,,Python 2.4 Release Schedule,Informational,
0417,Michael Foord <michael at python.org>,,12-Mar-2012,2012-03-12 00:00:00,,,417,12-Mar-2012,3.3,,,https//mail.python.org/pipermail/python-dev/2012-March/117507.html,,Final,,Including mock in the Standard Library,Standards Track,
0504,Nick Coghlan <ncoghlan at gmail.com>,,15-Sep-2015,2015-09-15 00:00:00,,,504,15-Sep-2015,3.6,,,,,Withdrawn,,Using the System RNG by default,Standards Track,
0368,Lino Mastrodomenico <l.mastrodomenico at gmail.com>,,28-Jun-2007,2007-06-28 00:00:00,,,368,,"2.6, 3.0",,,,,Deferred,,Standard image protocol and class,Standards Track,
0425,Daniel Holth <dholth at gmail.com>,Nick Coghlan <ncoghlan at gmail.com>,27-Jul-2012,2012-07-27 00:00:00,,07-Aug-2012,425,"8-Aug-2012, 18-Oct-2012, 15-Feb-2013",3.4,,,https//mail.python.org/pipermail/python-dev/2013-February/124116.html,,Final,,Compatibility Tags for Built Distributions,Standards Track,
0514,Steve Dower <steve.dower at python.org>,Paul Moore <p.f.moore at gmail.com>,02-Feb-2016,2016-02-02 00:00:00,,,514,"02-Feb-2016, 01-Mar-2016, 18-Jul-2016",,,,https//mail.python.org/pipermail/python-dev/2016-July/145697.html,,Active,,Python registration in the Windows registry,Informational,
0423,Benoit Bryon <benoit at marmelune.net>,,24-May-2012,2012-05-24 00:00:00,<distutils-sig at python.org>,,423,,,,,,,Deferred,,Naming conventions and recipes related to packaging,Informational,
0381,"Tarek Ziadé <tarek at ziade.org>, Martin v. Löwis <martin at v.loewis.de>",,21-March-2009,2009-03-21 00:00:00,,,381,,N.A.,,,,,Withdrawn,,Mirroring infrastructure for PyPI,Standards Track,
0409,Ethan Furman <ethan at stoneleaf.us>,,26-Jan-2012,2012-01-26 00:00:00,,,409,"30-Aug-2002, 01-Feb-2012, 03-Feb-2012",,,,https//mail.python.org/pipermail/python-dev/2012-February/116136.html,,Final,415,Suppressing exception context,Standards Track,
0513,"Robert T. McGibbon <rmcgibbo at gmail.com>, Nathaniel J. Smith <njs at pobox.com>",Nick Coghlan <ncoghlan at gmail.com>,19-Jan-2016,2016-01-19 00:00:00,Distutils SIG <distutils-sig at python.org>,,513,"19-Jan-2016, 25-Jan-2016, 29-Jan-2016",,,,https//mail.python.org/pipermail/distutils-sig/2016-January/028211.html,,Active,,A Platform Tag for Portable Linux Built Distributions,Informational,
0323,Alex Martelli <aleaxit at gmail.com>,,25-Oct-2003,2003-10-25 00:00:00,,,323,29-Oct-2003,2.5,,,,,Deferred,,Copyable Iterators,Standards Track,
3112,Jason Orendorff <jason.orendorff at gmail.com>,,23-Feb-2007,2007-02-23 00:00:00,,,3112,23-Feb-2007,3.0,,358,,,Final,,Bytes literals in Python 3000,Standards Track,
0342,"Guido van Rossum, Phillip J. Eby",,10-May-2005,2005-05-10 00:00:00,,,342,,2.5,,,,,Final,,Coroutines via Enhanced Generators,Standards Track,
0226,Jeremy Hylton <jeremy at alum.mit.edu>,,16-Oct-2000,2000-10-16 00:00:00,,,226,,2.1,,,,,Final,,Python 2.1 Release Schedule,Informational,
0449,Donald Stufft <donald at stufft.io>,Richard Jones <richard at python.org>,04-Aug-2013,2013-08-04 00:00:00,distutils-sig at python.org,,449,04-Aug-2013,,381,,https//mail.python.org/pipermail/distutils-sig/2013-August/022518.html,,Final,,Removal of the PyPI Mirror Auto Discovery and Naming Scheme,Process,
0433,Victor Stinner <vstinner at redhat.com>,,10-January-2013,2013-01-10 00:00:00,,,433,,3.4,,,,,Superseded,446,Easier suppression of file descriptor inheritance,Standards Track,
0387,Benjamin Peterson <benjamin at python.org>,,18-Jun-2009,2009-06-18 00:00:00,,,387,19-Jun-2009,,,,,,Draft,,Backwards Compatibility Policy,Process,
0489,"Petr Viktorin <encukou at gmail.com>,
Stefan Behnel <stefan_ml at behnel.de>,
Nick Coghlan <ncoghlan at gmail.com>",Eric Snow <ericsnowcurrently at gmail.com>,11-Aug-2013,2013-08-11 00:00:00,import-sig at python.org,,489,"23-Aug-2013, 20-Feb-2015, 16-Apr-2015, 7-May-2015, 18-May-2015",3.5,,,https//mail.python.org/pipermail/python-dev/2015-May/140108.html,,Final,,Multi-phase extension module initialization,Standards Track,
3002,Steven Bethard <steven.bethard at gmail.com>,,27-Mar-2006,2006-03-27 00:00:00,,,3002,"27-Mar-2006, 13-Apr-2006",,,,,,Final,,Procedure for Backwards-Incompatible Changes,Process,
0340,Guido van Rossum,,27-Apr-2005,2005-04-27 00:00:00,,,340,,,,,,,Rejected,,Anonymous Block Statements,Standards Track,
0348,Brett Cannon <brett at python.org>,,28-Jul-2005,2005-07-28 00:00:00,,,348,,,,,,,Rejected,,Exception Reorganization for Python 3.0,Standards Track,
0479,"Chris Angelico <rosuav at gmail.com>, Guido van Rossum <guido at python.org>",,15-Nov-2014,2014-11-15 00:00:00,,,479,"15-Nov-2014, 19-Nov-2014, 5-Dec-2014",3.5,,,,,Final,,Change StopIteration handling inside generators,Standards Track,
3137,Guido van Rossum <guido at python.org>,,26-Sep-2007,2007-09-26 00:00:00,,,3137,"26-Sep-2007, 30-Sep-2007",3.0,,,,,Final,,Immutable Bytes and Mutable Buffer,Standards Track,
0574,Antoine Pitrou <solipsis at pitrou.net>,Nick Coghlan,23-Mar-2018,2018-03-23 00:00:00,,,574,28-Mar-2018,,,,,,Draft,,Pickle protocol 5 with out-of-band data,Standards Track,
0344,Ka-Ping Yee,,12-May-2005,2005-05-12 00:00:00,,,344,,2.5,,,,,Superseded,,Exception Chaining and Embedded Tracebacks,Standards Track,
3141,Jeffrey Yasskin <jyasskin at google.com>,,23-Apr-2007,2007-04-23 00:00:00,,,3141,"25-Apr-2007, 16-May-2007, 02-Aug-2007",,,,,,Final,,A Type Hierarchy for Numbers,Standards Track,
0478,Larry Hastings <larry at hastings.org>,,22-Sep-2014,2014-09-22 00:00:00,,,478,,3.5,,,,,Active,,Python 3.5 Release Schedule,Informational,
0211,gvwilson at ddj.com (Greg Wilson),,15-Jul-2000,2000-07-15 00:00:00,,,211,,2.1,,,https//www.python.org/dev/peps/pep-0465/#rejected-alternatives-to-adding-a-new-operator,,Rejected,,Adding A New Outer Product Operator,Standards Track,
0507,Barry Warsaw <barry at python.org>,,2015-09-30,2015-09-30 00:00:00,,,507,,,,,https//mail.python.org/pipermail/core-workflow/2016-January/000345.html,,Rejected,,Migrate CPython to Git and GitLab,Process,
0013,The Python core team and community,,2018-12-16,2018-12-16 00:00:00,,,13,,,,,,,Active,,Python Language Governance,Informational,
0232,Barry Warsaw <barry at python.org>,,02-Dec-2000,2000-12-02 00:00:00,,,232,20-Feb-2001,2.1,,,,,Final,,Function Attributes,Standards Track,
3147,Barry Warsaw <barry at python.org>,,2009-12-16,2009-12-16 00:00:00,,,3147,"2010-01-30, 2010-02-25, 2010-03-03, 2010-04-12",3.2,,,https//mail.python.org/pipermail/python-dev/2010-April/099414.html,,Final,,PYC Repository Directories,Standards Track,
0549,larry at hastings.org (Larry Hastings),,4-Sep-2017,2017-09-04 00:00:00,Python-Dev <python-dev at python.org>,,549,4-Sep-2017,3.7,,,,,Rejected,,Instance Descriptors,Standards Track,
0238,"moshez at zadka.site.co.il (Moshe Zadka),
guido at python.org (Guido van Rossum)",,11-Mar-2001,2001-03-11 00:00:00,,,238,"16-Mar-2001, 26-Jul-2001, 27-Jul-2001",2.2,,,,,Final,,Changing the Division Operator,Standards Track,
3123,Martin von Löwis <martin at v.loewis.de>,,27-Apr-2007,2007-04-27 00:00:00,,,3123,,3.0,,,,,Final,,Making PyObject_HEAD conform to standard C,Standards Track,
0354,Ben Finney <ben+python at benfinney.id.au>,,20-Dec-2005,2005-12-20 00:00:00,,,354,20-Dec-2005,2.6,,,,,Superseded,435,Enumerations in Python,Standards Track,
0442,Antoine Pitrou <solipsis at pitrou.net>,Benjamin Peterson <benjamin at python.org>,2013-05-18,2013-05-18 00:00:00,,,442,2013-05-18,3.4,,,https//mail.python.org/pipermail/python-dev/2013-June/126746.html,,Final,,Safe object finalization,Standards Track,
0335,Gregory Ewing <greg.ewing at canterbury.ac.nz>,,29-Aug-2004,2004-08-29 00:00:00,,,335,"05-Sep-2004, 30-Sep-2011, 25-Oct-2011",3.3,,,,,Rejected,,Overloadable Boolean Operators,Standards Track,
